source_title_id, mod_title_id,
e_amur,
k_amur, k_amur,
k_aynumosir,
k_hitakami, k_hitakami,
d_eman_amar, d_eman_amar,
d_eman_boli, d_eman_boli,
d_eman_bureya,
d_eman_nivkhia, d_eman_nivkhia,
d_eman_samagero, d_eman_samagero,
d_eman_sikhotebei, d_eman_sikhotebei,
d_menas,
d_sahaliyan, d_sahaliyan,
d_sum, d_sum,
d_hitakami,
d_nushiro,
c_eman_murkonno, c_eman_murkonno,
c_eman_nimen, c_eman_nimen,
c_eman_urmi, c_eman_urmi,
c_eman_vanda, c_eman_vanda,
c_eman_boli, c_eman_boli,
c_eman_choripi, c_eman_choripi,
c_eman_mohean, c_eman_mohean,
c_eman_molihewen, c_eman_molihewen,
c_eman_birija,
c_eman_turma, c_eman_turma,
c_eman_urehokto, c_eman_urehokto,
c_eman_amgun, c_eman_amgun,
c_eman_nurgan, c_eman_nurgan,
c_eman_tugur, c_eman_tugur,
c_eman_kerin, c_eman_kerin,
c_eman_khadul, c_eman_khadul,
c_eman_tudali, c_eman_tudali,
c_eman_yam_alin, c_eman_yam_alin,
c_eman_beihean, c_eman_beihean,
c_eman_heishuiyang, c_eman_heishuiyang,
c_eman_wuguihai, c_eman_wuguihai,
c_eman_yerenhe, c_eman_yerenhe,
c_chupka,
c_menas,
c_simenas,
c_soya,
c_kusunkotan, c_kusunkotan,
c_pogibi, c_pogibi,
c_tarayka, c_tarayka,
c_ioci,
c_iskar,
c_sum,
c_uskes,
c_isawa, c_isawa,
c_iwaki, c_iwaki,
c_iwase, c_iwase,
c_korehari, c_korehari,
c_tsugaru, c_tsugaru,
c_nushiro, c_nushiro,
c_tokisara, c_tokisara,
b_fic_eman_bira, b_fic_eman_bira,
b_fic_eman_chulabira, b_fic_eman_chulabira,
b_fic_eman_khimin, b_fic_eman_khimin,
b_fic_eman_pichan, b_fic_eman_pichan,
b_fic_eman_hara, b_fic_eman_hara,
b_fic_eman_nimen, b_fic_eman_nimen,
b_fic_eman_oronmu, b_fic_eman_oronmu,
b_fic_eman_kirga, b_fic_eman_kirga,
b_fic_eman_urmi, b_fic_eman_urmi,
b_fic_eman_hulavanda, b_fic_eman_hulavanda,
b_fic_eman_konnovanda, b_fic_eman_konnovanda,
b_fic_eman_vandarin, b_fic_eman_vandarin,
b_eman_boli, b_eman_boli,
b_fic_eman_alimenan, b_fic_eman_alimenan,
b_fic_eman_khorhe, b_fic_eman_khorhe,
b_fic_eman_nanshuian, b_fic_eman_nanshuian,
b_fic_eman_choripi, b_fic_eman_choripi,
b_fic_eman_kuru, b_fic_eman_kuru,
b_fic_eman_uada_alin, b_fic_eman_uada_alin,
b_fic_eman_mohean, b_fic_eman_mohean,
b_fic_eman_wuguijiang, b_fic_eman_wuguijiang,
b_fic_eman_yemanshui, b_fic_eman_yemanshui,
b_eman_molihewen, b_eman_molihewen,
b_fic_eman_bolon, b_fic_eman_bolon,
b_fic_eman_heishanan, b_fic_eman_heishanan,
b_fic_eman_shangkhor, b_fic_eman_shangkhor,
b_fic_eman_birigugda,
b_fic_eman_birija, b_fic_eman_birija,
b_fic_eman_molamu, b_fic_eman_molamu,
b_fic_eman_turma, b_fic_eman_turma,
b_fic_eman_uroure, b_fic_eman_uroure,
b_fic_eman_kulikansiggu, b_fic_eman_kulikansiggu,
b_fic_eman_umilimo, b_fic_eman_umilimo,
b_fic_eman_amgun, b_fic_eman_amgun,
b_fic_eman_chlya, b_fic_eman_chlya,
b_fic_eman_orel, b_fic_eman_orel,
b_eman_nurgan, b_eman_nurgan,
b_fic_eman_chagal, b_fic_eman_chagal,
b_fic_eman_ekiti, b_fic_eman_ekiti,
b_fic_eman_kamer, b_fic_eman_kamer,
b_fic_eman_tugur, b_fic_eman_tugur,
b_fic_eman_usalgin, b_fic_eman_usalgin,
b_fic_eman_ymila, b_fic_eman_ymila,
b_fic_eman_kerin, b_fic_eman_kerin,
b_fic_eman_pilda, b_fic_eman_pilda,
b_fic_eman_chayatin, b_fic_eman_chayatin,
b_fic_eman_henkon, b_fic_eman_henkon,
b_fic_eman_khadul, b_fic_eman_khadul,
b_fic_eman_bureya, b_fic_eman_bureya,
b_fic_eman_evoron, b_fic_eman_evoron,
b_fic_eman_tudali, b_fic_eman_tudali,
b_fic_eman_dusse_alin, b_fic_eman_dusse_alin,
b_fic_eman_imelen, b_fic_eman_imelen,
b_fic_eman_yam_alin, b_fic_eman_yam_alin,
b_fic_eman_beihean, b_fic_eman_beihean,
b_fic_eman_silbaki, b_fic_eman_silbaki,
b_fic_eman_heishuiyang, b_fic_eman_heishuiyang,
b_fic_eman_melersuki, b_fic_eman_melersuki,
b_fic_eman_senkele, b_fic_eman_senkele,
b_fic_eman_shuishanpu, b_fic_eman_shuishanpu,
b_fic_eman_wuguihai, b_fic_eman_wuguihai,
b_fic_eman_xiaoheijiang, b_fic_eman_xiaoheijiang,
b_fic_eman_bixinshang, b_fic_eman_bixinshang,
b_fic_eman_elejiang, b_fic_eman_elejiang,
b_fic_eman_yerenhe, b_fic_eman_yerenhe,
b_etuworop_sir,
b_kinasir,
b_opereperkep,
b_pior, b_pior,
b_tokapusi,
b_cipasir,
b_kusuri,
b_nimuoro,
b_sir_etok,
b_mopet,
b_nay_or,
b_soya, b_soya,
b_tes_uni,
b_kusunkotan, b_kusunkotan,
b_kusunnay, b_kusunnay,
b_pontukes, b_pontukes,
b_idoi, b_idoi,
b_pogibi, b_pogibi,
b_tym_sakhalin, b_tym_sakhalin,
b_eusutur, b_eusutur,
b_ketuni, b_ketuni,
b_tarayka, b_tarayka,
b_aptapet_ainu,
b_ioci, b_ioci,
b_otarunay, b_otarunay,
b_setanay,
b_cup_pet,
b_iskar_hokkaido, b_iskar_hokkaido,
b_rurmo_otpe,
b_sorapci,
b_iput,
b_moruran,
b_sar,
b_sipicar, b_sipicar,
b_kayaunpesh, b_kayaunpesh,
b_kumausi, b_kumausi,
b_matomai,
b_uskes,
b_hei, b_hei,
b_isawa, b_isawa,
b_kuriyagawa,
b_nukanobu, b_nukanobu,
b_iwaki, b_iwaki,
b_namekata, b_namekata,
b_shirakawa, b_shirakawa,
b_adachi,
b_aizu, b_aizu,
b_iwase, b_iwase,
b_yama_iwase,
b_kesen, b_kesen,
b_korehari,
b_momunofu,
b_taga, b_taga,
b_nisattai,
b_tsugaru, b_tsugaru,
b_tsumo,
b_usori,
b_agita,
b_hotta,
b_nushiro,
b_okachi,
b_yuri, b_yuri,
b_mogami, b_mogami,
b_okitama, b_okitama,
b_tokisara,
e_andong,
k_balhae, k_balhae,
k_khitan, k_khitan_china,
k_luzhen, k_luzhen,
k_raole,
k_shiwei, k_shiwei,
d_BAL_amnok_jangryeong,
d_BAL_buyeo,
d_BAL_moe_su,
d_BAL_parhae,
d_BAL_southern_balhae,
d_LIAO_dongjing,
d_LIAO_linhuang, d_xarmoron_china,
d_LIAO_shangjing, d_changchun_china,
d_BAL_anwon, d_BAL_anwon,
d_BAL_cheolli, d_BAL_cheolli,
d_BAL_dongpyeong, d_BAL_dongpyeong,
d_BAL_hoewon, d_BAL_hoewon,
d_BAL_yeojintang, d_BAL_yeojintang,
d_LIAO_zhongjing, d_tohchen_china,
d_liaoxi, d_liaoxi,
d_yanyun_yuyi, d_hiyaxu_china,
d_SW_dashiweiguo, d_SW_dashiweiguo,
d_SW_heicheziguo, d_SW_heicheziguo,
d_SW_lingxiguo, d_SW_lingxiguo,
d_SW_puyudao, d_SW_puyudao,
d_SW_qingxingan, d_SW_qingxingan,
d_SW_ruzheguo, d_SW_ruzheguo,
d_SW_sushenguo, d_SW_sushenguo,
c_BAL_east_amnok,
c_BAL_east_jangryeong,
c_BAL_west_amnok,
c_BAL_west_jangryeong,
c_BAL_changchun,
c_BAL_fuzhou,
c_BAL_xinzhou,
c_BAL_yizhou,
c_BAL_makhil,
c_BAL_sokju,
c_BAL_west_makhil,
c_BAL_dongju,
c_BAL_east_hyeondeok,
c_BAL_west_hyeondeok,
c_BAL_yeongju,
c_BAL_yongcheon,
c_BAL_fengzhou,
c_BAL_namhae,
c_BAL_northyongwon,
c_BAL_southyongwon,
c_LIAO_diezhou,
c_LIAO_guidezhou, c_LIAO_guidezhou,
c_LIAO_shenyang,
c_LIAO_yinzhou, c_LIAO_yinzhou,
c_LIAO_zhenzhou,
c_LIAO_dalian, c_LIAO_dalian,
c_LIAO_heicaoan, c_LIAO_heicaoan,
c_LIAO_linhuang, c_LIAO_linhuang,
c_LIAO_longhuazhou, c_LIAO_longhuazhou,
c_LIAO_raozhou, c_LIAO_raozhou,
c_LIAO_ulagaian, c_LIAO_ulagaian,
c_LIAO_changchun, c_LIAO_changchun,
c_LIAO_horqinan, c_LIAO_horqinan,
c_LIAO_ningzhou, c_LIAO_ningzhou,
c_LIAO_taizhou, c_LIAO_taizhou,
c_LIAO_wuzhou, c_LIAO_wuzhou,
c_BAL_heuksu_anwon, c_BAL_heuksu_anwon,
c_BAL_ningzhou, c_BAL_ningzhou,
c_BAL_north_anwon, c_BAL_north_anwon,
c_BAL_supin, c_BAL_supin,
c_BAL_delizhen, c_BAL_delizhen,
c_BAL_huligai, c_BAL_huligai,
c_BAL_west_cheolli, c_BAL_west_cheolli,
c_BAL_dongpyeong_yizhou, c_BAL_dongpyeong_yizhou,
c_BAL_jixi, c_BAL_jixi,
c_BAL_central_hoewon, c_BAL_central_hoewon,
c_BAL_dazhou, c_BAL_dazhou,
c_BAL_east_hoewon, c_BAL_east_hoewon,
c_BAL_ilanshan, c_BAL_ilanshan,
c_BAL_south_hoewon, c_BAL_south_hoewon,
c_BAL_anbyeon, c_BAL_anbyeon,
c_BAL_jeongni, c_BAL_jeongni,
c_BAL_north_anbyeon, c_BAL_north_anbyeon,
c_BAL_solbin, c_BAL_solbin,
c_LIAO_dading, c_LIAO_dading,
c_liao_fengzhou, c_liao_fengzhou,
c_lxj_yuyidong, c_lxj_yuyidong,
c_lzj_chengde, c_lzj_chengde,
c_lzj_chengdexi, c_lzj_chengdexi,
c_woye, c_woye,
c_LIAO_chaoyang,
c_LIAO_jinzhou,
c_LIAO_liaozhou,
c_LIAO_xianzhou, c_LIAO_xianzhou,
c_lnj_liaoxi,
c_lnj_liaoxibei,
c_lxj_huanzhou, c_lxj_huanzhou,
c_lxj_yangchengzhou, c_lxj_yangchengzhou,
c_SW_ergunia, c_SW_ergunia,
c_SW_hailar, c_SW_hailar,
c_SW_heiergun, c_SW_heiergun,
c_SW_mengwuo, c_SW_mengwuo,
c_SW_pibeihe, c_SW_pibeihe,
c_SW_dongcheziguo, c_SW_dongcheziguo,
c_SW_hongxingan, c_SW_hongxingan,
c_SW_hulunbuir, c_SW_hulunbuir,
c_SW_zhongcheziguo, c_SW_zhongcheziguo,
c_SW_heiheguo, c_SW_heiheguo,
c_SW_lingxiguo, c_SW_lingxiguo,
c_SW_powoguo, c_SW_powoguo,
c_SW_damoguo, c_SW_damoguo,
c_SW_heilonghean, c_SW_heilonghean,
c_SW_puyuzhou, c_SW_puyuzhou,
c_SW_shanbeiguo, c_SW_shanbeiguo,
c_SW_huangtouguo, c_SW_huangtouguo,
c_SW_luotuoguo, c_SW_luotuoguo,
c_SW_nabeiguo, c_SW_nabeiguo,
c_SW_xinghuangtou, c_SW_xinghuangtou,
c_SW_xingnabei, c_SW_xingnabei,
c_SW_dongruzhe, c_SW_dongruzhe,
c_SW_jiqin_hari, c_SW_jiqin_hari,
c_SW_ruzhejiang, c_SW_ruzhejiang,
c_SW_fancao, c_SW_fancao,
c_SW_gonghejiang, c_SW_gonghejiang,
c_SW_heilonglin, c_SW_heilonglin,
c_SW_lupingyuan, c_SW_lupingyuan,
c_SW_suihua, c_SW_suihua,
b_FIC_Liao_Changbaishan,
b_FIC_Liao_Tianchi,
b_Liao_Fusong,
b_Liao_Luzhou2, b_Liao_Luzhou2,
b_Liao_Xijing,
b_FIC_Liao_Beichang,
b_FIC_Liao_Quliuan,
b_Liao_Changling, b_Liao_Changling,
b_FIC_Liao_Yaluan,
b_Liao_Huanzhou,
b_Liao_Kuandianzi, b_Liao_Kuandianzi,
b_Liao_Zhengzhou,
b_FIC_Liao_Baichang,
b_FIC_Liao_Hongfucun,
b_Liao_Hezhou,
b_Liao_Binzhou,
b_Liao_Changchun2,
b_Liao_Weizhou,
b_Liao_Xiangzhou,
b_Liao_Fuzhou2,
b_Liao_Suzhou, b_Liao_Suzhou,
b_Liao_Tonghua,
b_Liao_Xianzhou2,
b_FIC_Liao_Fuyunan,
b_Liao_Xinzhou,
b_Liao_Fengzhou3,
b_Liao_Jizhou,
b_Liao_Yizhou,
b_FIC_Liao_Longfengshan,
b_FIC_Liao_Nanmoan,
b_Liao_Gaozhou2,
b_Liao_Mozhou, b_Liao_Mozhou,
b_FIC_Liao_Suping,
b_Liao_Suzhou2,
b_Liao_Yongji,
b_FIC_Liao_Moedu,
b_FIC_Liao_Ximoan,
b_Liao_Ningjiang,
b_FIC_Liao_Tongan,
b_Liao_Sushen,
b_Liao_Tongzhou2,
b_FIC_Liao_Helong,
b_FIC_Liao_Yanji,
b_Liao_Luzhou, b_Liao_Luzhou,
b_Liao_Xingzhou,
b_FIC_Liao_Erdaojiang,
b_FIC_Liao_Nansuan,
b_Liao_Tangzhou2,
b_Liao_Zhongjing,
b_FIC_Liao_Yingan,
b_Liao_Yingzhou,
b_FIC_Liao_Daguokuishan,
b_FIC_Liao_Mudanjiang,
b_FIC_Liao_Qingquan,
b_Liao_Bozhou,
b_Liao_Shangjing,
b_FIC_Liao_Nandongkou,
b_Liao_Fengzhou4,
b_FIC_Liao_Nanhaikou,
b_Liao_Nanjing, b_Liao_Nanjing,
b_Liao_Tianqing,
b_FIC_Liao_Huanghekou,
b_FIC_Liao_Tumen,
b_Liao_Lungyuanfu,
b_Liao_Dongjing,
b_Liao_Helan, b_helan,
b_Liao_Wanhaifu,
b_Liao_Dandong,
b_Liao_Diezhou,
b_Liao_Kaizhou,
b_Liao_Tongzhou,
b_FIC_Liao_Shaozijiang,
b_Liao_Fengcheng,
b_Liao_Guidezhou,
b_Liao_Xiyuan,
b_Liao_Haizhou,
b_Liao_Liaoyang,
b_Liao_Shenyang,
b_Liao_Tangzhou,
b_Liao_Yaozhou,
b_FIC_Liao_Huangcaocun,
b_Liao_Guangzhou,
b_Liao_Qizhou,
b_Liao_Yinzhou, b_Liao_Yinzhou,
b_FIC_Liao_Biliujiang,
b_Liao_Fuping, b_Liao_Fuping,
b_Liao_Suning, b_Liao_Suning,
b_Liao_Zhenzhou,
b_FIC_Liao_Dalinuor, b_FIC_Liao_Dalinuor,
b_FIC_Liao_Hongdali, b_FIC_Liao_Hongdali,
b_FIC_Liao_Baicaoer, b_FIC_Liao_Baicaoer,
b_FIC_Liao_Caoyuanan, b_FIC_Liao_Caoyuanan,
b_FIC_Liao_Matudi, b_FIC_Liao_Matudi,
b_Liao_Huaizhou, b_Liao_Huaizhou,
b_Liao_Linhuang, b_Liao_Linhuang,
b_Liao_Songzhanzhou, b_Liao_Songzhanzhou,
b_Liao_Yungzhou, b_Liao_Yungzhou,
b_Liao_Zuzhou, b_Liao_Zuzhou,
b_FIC_Liao_Huopingan, b_FIC_Liao_Huopingan,
b_Liao_Jiangshengzhou, b_Liao_Jiangshengzhou,
b_Liao_Longhuazhou, b_Liao_Longhuazhou,
b_FIC_Liao_Xilin, b_FIC_Liao_Xilin,
b_Liao_Qingzhou, b_Liao_Qingzhou,
b_Liao_Raozhou, b_Liao_Raozhou,
b_FIC_Liao_Charnoer, b_FIC_Liao_Charnoer,
b_FIC_Liao_Ulanuer, b_FIC_Liao_Ulanuer,
b_FIC_Liao_Ulanulagai, b_FIC_Liao_Ulanulagai,
b_FIC_Liao_Heihorqin, b_FIC_Liao_Heihorqin,
b_FIC_Liao_Shuangliao, b_FIC_Liao_Shuangliao,
b_FIC_Liao_Yumitudi, b_FIC_Liao_Yumitudi,
b_Liao_Changchun, b_Liao_Changchun,
b_FIC_Liao_Bayintailai, b_FIC_Liao_Bayintailai,
b_FIC_Liao_Horqin, b_FIC_Liao_Horqin,
b_FIC_Liao_Zhanyu, b_FIC_Liao_Zhanyu,
b_Liao_Chunzhou, b_Liao_Chunzhou,
b_Liao_Fengzhou2, b_Liao_Fengzhou2,
b_Liao_Ningzhou, b_Liao_Ningzhou,
b_Liao_Taonan, b_Liao_Taonan,
b_Amur_Taizhou, b_Amur_Taizhou,
b_FIC_Amur_Hongan, b_FIC_Amur_Hongan,
b_FIC_Amur_Jianali, b_FIC_Amur_Jianali,
b_FIC_Amur_Nalidu, b_FIC_Amur_Nalidu,
b_Liao_Fuzhou, b_Liao_Fuzhou,
b_Liao_Weizhou2, b_Liao_Weizhou2,
b_Liao_Wuzhou2, b_Liao_Wuzhou2,
b_Liao_Yizhou2, b_Liao_Yizhou2,
b_Liao_Yuanzhou, b_Liao_Yuanzhou,
b_FIC_EMan_Shuilinhai, b_FIC_EMan_Shuilinhai,
b_FIC_EMan_Yozejiang, b_FIC_EMan_Yozejiang,
b_EMan_Ningzhou, b_EMan_Ningzhou,
b_FIC_EMan_Huangyuan, b_FIC_EMan_Huangyuan,
b_FIC_EMan_Qingshancun, b_FIC_EMan_Qingshancun,
b_FIC_EMan_Alimenyang, b_FIC_EMan_Alimenyang,
b_FIC_EMan_Dongning, b_FIC_EMan_Dongning,
b_FIC_EMan_Zhonganyuan, b_FIC_EMan_Zhonganyuan,
b_EMan_Supin, b_EMan_Supin,
b_FIC_EMan_Dongxingkai, b_FIC_EMan_Dongxingkai,
b_FIC_EMan_Sanhean, b_FIC_EMan_Sanhean,
b_FIC_EMan_Xuduohe, b_FIC_EMan_Xuduohe,
b_FIC_EMan_Zhongtieli, b_FIC_EMan_Zhongtieli,
b_FIC_Liao_Xitielian, b_FIC_Liao_Xitielian,
b_Liao_Delizhen, b_Liao_Delizhen,
b_EMan_Huligai, b_EMan_Huligai,
b_FIC_EMan_Hulilusean, b_FIC_EMan_Hulilusean,
b_FIC_EMan_Qiligashan, b_FIC_EMan_Qiligashan,
b_FIC_Amur_Dahedu, b_FIC_Amur_Dahedu,
b_FIC_Amur_Henghetieli, b_FIC_Amur_Henghetieli,
b_EMan_Yizhou, b_EMan_Yizhou,
b_FIC_EMan_Beidongan, b_FIC_EMan_Beidongan,
b_FIC_EMan_Heihubo, b_FIC_EMan_Heihubo,
b_EMan_Jixi, b_EMan_Jixi,
b_FIC_EMan_Dongxian, b_FIC_EMan_Dongxian,
b_FIC_EMan_Dongying, b_FIC_EMan_Dongying,
b_FIC_EMan_Beihuaicun, b_FIC_EMan_Beihuaicun,
b_FIC_EMan_Dacun, b_FIC_EMan_Dacun,
b_FIC_EMan_Huanghuai, b_FIC_EMan_Huanghuai,
b_Amur_Dazhou, b_Amur_Dazhou,
b_FIC_Amur_Haixidu, b_FIC_Amur_Haixidu,
b_FIC_Amur_Helincun, b_FIC_Amur_Helincun,
b_FIC_EMan_Bixinjiang, b_FIC_EMan_Bixinjiang,
b_FIC_EMan_Naolijiang, b_FIC_EMan_Naolijiang,
b_FIC_Amur_Ilanshan, b_FIC_Amur_Ilanshan,
b_FIC_Amur_Senlincun, b_FIC_Amur_Senlincun,
b_FIC_EMan_Baihuaicun, b_FIC_EMan_Baihuaicun,
b_FIC_EMan_Huaicao, b_FIC_EMan_Huaicao,
b_FIC_EMan_Songhuajiang, b_FIC_EMan_Songhuajiang,
b_EMan_Anzhou, b_EMan_Anzhou,
b_FIC_EMan_Luseqiu, b_FIC_EMan_Luseqiu,
b_FIC_EMan_Silata_an, b_FIC_EMan_Silata_an,
b_EMan_Dingzhou, b_EMan_Dingzhou,
b_EMan_Yongmingcheng, b_EMan_Yongmingcheng,
b_FIC_EMan_Dinglian, b_FIC_EMan_Dinglian,
b_FIC_EMan_Shanganjugu, b_FIC_EMan_Shanganjugu,
b_FIC_EMan_Beiqiulin, b_FIC_EMan_Beiqiulin,
b_FIC_EMan_Heizhuhai, b_FIC_EMan_Heizhuhai,
b_FIC_EMan_Zhenzhuhai, b_FIC_EMan_Zhenzhuhai,
b_EMan_Huazhou, b_EMan_Huazhou,
b_FIC_EMan_Nanxingkai, b_FIC_EMan_Nanxingkai,
b_FIC_EMan_Shuaibinan, b_FIC_EMan_Shuaibinan,
b_Liao_Jianzhou2, b_Liao_Jianzhou2,
b_cirlzj_jianting, b_cirlzj_jianting,
b_Liao_Dading, b_Liao_Dading,
b_Liao_Enzhou, b_Liao_Enzhou,
b_Liao_Songshanzhou, b_Liao_Songshanzhou,
b_Liao_Fengzhou, b_Liao_Fengzhou,
b_Liao_Yikunzhou, b_Liao_Yikunzhou,
b_cirlzj_caodangzhen, b_cirlzj_caodangzhen,
b_cirlzj_yudaokou, b_cirlzj_yudaokou,
b_cirlzj_chengde, b_cirlzj_chengde,
b_cirlzj_luexiating, b_cirlzj_luexiating,
b_cirlzj_qinglonghe, b_cirlzj_qinglonghe,
b_cirlzj_xinghua, b_cirlzj_xinghua,
b_cirlzj_beian, b_cirlzj_beian,
b_cirlzj_chaolijiang, b_cirlzj_chaolijiang,
b_cirlzj_liuheting, b_cirlzj_liuheting,
b_cirlzj_xuefang, b_cirlzj_xuefang,
b_Liao_Gaozhou, b_Liao_Gaozhou,
b_Liao_Jianzhou, b_Liao_Jianzhou,
b_Liao_Wuanzhou, b_Liao_Wuanzhou,
b_Liao_Chaoyang,
b_Liao_Chengzhou,
b_Liao_Chuanzhou,
b_Liao_Qianzhou2,
b_Liao_Jinzhou,
b_Liao_Xizhou,
b_Liao_Yizhou3,
b_Liao_Liaozhou,
b_Liao_Shuangzhou,
b_Liao_Suizhou, b_Liao_Suizhou,
b_Liao_Haibeizhou,
b_Liao_Qianzhou,
b_Liao_Xianzhou,
b_cirlzj_longtan,
b_cirlzj_qinhuangdao,
b_pingzhou,
b_cirlzj_fusu,
b_cirlzj_yuhejing,
b_Liao_Andefu,
b_Liao_Liping,
b_cirlxj_dongting, b_cirlxj_dongting,
b_cirlxj_huanzhou, b_cirlxj_huanzhou,
b_cirlxj_nanpo, b_cirlxj_nanpo,
b_cirlxj_lilingtaiyi, b_cirlxj_lilingtaiyi,
b_cirlxj_yangcheng, b_cirlxj_yangcheng,
b_cirlxj_yunyudi, b_cirlxj_yunyudi,
b_FIC_Mong_Gangoluul, b_FIC_Mong_Gangoluul,
b_FIC_Mong_Nyurgol, b_FIC_Mong_Nyurgol,
b_FIC_Mong_Telburgol, b_FIC_Mong_Telburgol,
b_FIC_Mong_Gaoxuanya, b_FIC_Mong_Gaoxuanya,
b_FIC_Mong_Hailarekh, b_FIC_Mong_Hailarekh,
b_FIC_Mong_Hailargol, b_FIC_Mong_Hailargol,
b_FIC_Mong_Emurgol, b_FIC_Mong_Emurgol,
b_FIC_Mong_Huraalin, b_FIC_Mong_Huraalin,
b_FIC_Mong_Oyuulvzar, b_FIC_Mong_Oyuulvzar,
b_FIC_Mong_Banukhol, b_FIC_Mong_Banukhol,
b_FIC_Mong_Ilkuriuul, b_FIC_Mong_Ilkuriuul,
b_FIC_Mong_Kamaraekh, b_FIC_Mong_Kamaraekh,
b_FIC_Mong_Xiailehuli, b_FIC_Mong_Xiailehuli,
b_FIC_Mong_Genhegol, b_FIC_Mong_Genhegol,
b_FIC_Mong_Olanuur, b_FIC_Mong_Olanuur,
b_Mong_Pibeihe, b_Mong_Pibeihe,
b_FIC_Mong_Chezier, b_FIC_Mong_Chezier,
b_FIC_Mong_Dongheisha, b_FIC_Mong_Dongheisha,
b_FIC_Mong_Jiasaihe, b_FIC_Mong_Jiasaihe,
b_FIC_Mong_Kharulagai, b_FIC_Mong_Kharulagai,
b_FIC_Amur_Shangwulu, b_FIC_Amur_Shangwulu,
b_FIC_Liao_Liquan, b_FIC_Liao_Liquan,
b_FIC_Liao_Wuluan, b_FIC_Liao_Wuluan,
b_Liao_Wuzhou, b_Liao_Wuzhou,
b_FIC_Mong_Khailangol, b_FIC_Mong_Khailangol,
b_FIC_Mong_Khalkagol, b_FIC_Mong_Khalkagol,
b_FIC_Mong_Kharbuir, b_FIC_Mong_Kharbuir,
b_FIC_Mong_Oyuhulun, b_FIC_Mong_Oyuhulun,
b_FIC_Mong_Beiheisha, b_FIC_Mong_Beiheisha,
b_FIC_Mong_Nanchezi, b_FIC_Mong_Nanchezi,
b_FIC_Mong_Xisaiyin, b_FIC_Mong_Xisaiyin,
b_FIC_Mong_Zuunbuir, b_FIC_Mong_Zuunbuir,
b_FIC_Amur_Beihelin, b_FIC_Amur_Beihelin,
b_FIC_Amur_Humari, b_FIC_Amur_Humari,
b_FIC_Mong_Banouhe, b_FIC_Mong_Banouhe,
b_FIC_Amur_Hurka, b_FIC_Amur_Hurka,
b_FIC_Amur_Jialingxi, b_FIC_Amur_Jialingxi,
b_FIC_Amur_Yuancao, b_FIC_Amur_Yuancao,
b_FIC_Amur_Ganhejiang, b_FIC_Amur_Ganhejiang,
b_FIC_Amur_Ganyijiang, b_FIC_Amur_Ganyijiang,
b_FIC_Amur_Iskenhe, b_FIC_Amur_Iskenhe,
b_FIC_Amur_Jiapowo, b_FIC_Amur_Jiapowo,
b_Amur_Mergen, b_Amur_Mergen,
b_FIC_Amur_Luhean, b_FIC_Amur_Luhean,
b_FIC_Amur_Xiaoqiu, b_FIC_Amur_Xiaoqiu,
b_FIC_Amur_Xijiadamo, b_FIC_Amur_Xijiadamo,
b_FIC_Amur_Heisenlin, b_FIC_Amur_Heisenlin,
b_FIC_Amur_Linyuan, b_FIC_Amur_Linyuan,
b_FIC_Amur_Yuanlin, b_FIC_Amur_Yuanlin,
b_Amur_Puyu, b_Amur_Puyu,
b_FIC_Amur_Fulunshan, b_FIC_Amur_Fulunshan,
b_FIC_Amur_Xipuyu, b_FIC_Amur_Xipuyu,
b_FIC_Amur_Yemaotudi, b_FIC_Amur_Yemaotudi,
b_FIC_Amur_Dongweian, b_FIC_Amur_Dongweian,
b_FIC_Amur_Jiashanbei, b_FIC_Amur_Jiashanbei,
b_FIC_Amur_Jinshuhe, b_FIC_Amur_Jinshuhe,
b_FIC_Amur_Nemorjiang, b_FIC_Amur_Nemorjiang,
b_FIC_Amur_Caoqiu, b_FIC_Amur_Caoqiu,
b_FIC_Amur_Ganheyang, b_FIC_Amur_Ganheyang,
b_FIC_Amur_Jiahuangtou, b_FIC_Amur_Jiahuangtou,
b_FIC_Amur_Jialuotuo, b_FIC_Amur_Jialuotuo,
b_FIC_Amur_Jinshujiang, b_FIC_Amur_Jinshujiang,
b_FIC_Amur_Nendadu, b_FIC_Amur_Nendadu,
b_FIC_Amur_Yalujiang, b_FIC_Amur_Yalujiang,
b_FIC_Amur_Baihetudi, b_FIC_Amur_Baihetudi,
b_FIC_Amur_Bailangtudi, b_FIC_Amur_Bailangtudi,
b_FIC_Amur_Jindiaotudi, b_FIC_Amur_Jindiaotudi,
b_FIC_Amur_Zhongnenjiang, b_FIC_Amur_Zhongnenjiang,
b_FIC_Amur_Xinener, b_FIC_Amur_Xinener,
b_FIC_Amur_Xinganling, b_FIC_Amur_Xinganling,
b_FIC_Amur_Gaocaoer, b_FIC_Amur_Gaocaoer,
b_FIC_Amur_Xianbeishan, b_FIC_Amur_Xianbeishan,
b_FIC_Amur_Fanlinan, b_FIC_Amur_Fanlinan,
b_FIC_Amur_Nenshuide, b_FIC_Amur_Nenshuide,
b_FIC_Amur_Pilutidu, b_FIC_Amur_Pilutidu,
b_FIC_Amur_Jiaruzhe, b_FIC_Amur_Jiaruzhe,
b_FIC_Amur_Nenshidi, b_FIC_Amur_Nenshidi,
b_FIC_Amur_Xuduohubo, b_FIC_Amur_Xuduohubo,
b_Jiqin_Hari, b_Jiqin_Hari,
b_FIC_Amur_Dalukou, b_FIC_Amur_Dalukou,
b_FIC_Amur_Heyucun, b_FIC_Amur_Heyucun,
b_FIC_Amur_Ruzhejiang, b_FIC_Amur_Ruzhejiang,
b_FIC_Amur_Cangcao, b_FIC_Amur_Cangcao,
b_FIC_Amur_Erliuyu, b_FIC_Amur_Erliuyu,
b_FIC_Amur_Fancao, b_FIC_Amur_Fancao,
b_FIC_Amur_Dasenlin, b_FIC_Amur_Dasenlin,
b_FIC_Amur_Gonghejiang, b_FIC_Amur_Gonghejiang,
b_FIC_Amur_Heilonglin, b_FIC_Amur_Heilonglin,
b_FIC_Amur_Longcaoan, b_FIC_Amur_Longcaoan,
b_FIC_Amur_Lupingyuan, b_FIC_Amur_Lupingyuan,
b_FIC_Amur_Yemantudi, b_FIC_Amur_Yemantudi,
b_FIC_Amur_Yerencao, b_FIC_Amur_Yerencao,
b_Amur_Suihua, b_Amur_Suihua,
b_FIC_Amur_Lindu, b_FIC_Amur_Lindu,
b_FIC_Amur_Yingcao, b_FIC_Amur_Yingcao,
b_FIC_Amur_Yingsenlin, b_FIC_Amur_Yingsenlin,
e_brunei, e_brunei,
k_brunei, k_brunei,
e_goryeo, e_goryeo,
k_baekje, k_baekje,
k_goguryeo, k_goguryeo,
k_silla, k_silla,
d_chungju, d_chungju,
d_jeonju, d_jeonju,
d_naju, d_naju,
d_tamna, d_tamna,
d_bukgye, d_bukgye,
d_gaeseong, d_gaeseong,
d_gwangju, d_gwangju,
d_gyoju, d_gyoju,
d_haeju, d_haeju,
d_yukju, d_yukju,
d_donggye, d_donggye,
d_gyeongju, d_gyeongju,
d_jinju, d_jinju,
c_cheongju, c_cheongju,
c_chungju, c_chungju,
c_gongju, c_gongju,
c_hongju, c_hongju,
c_jeonju, c_jeonju,
c_jillye, c_jillye,
c_namwon, c_namwon,
c_boseong, c_boseong,
c_jangheung, c_jangheung,
c_naju, c_naju,
c_tamna,
c_seogyeong, c_seogyeong,
c_seongju, c_seongju,
c_yeongwon, c_yeongwon,
c_gaeseong, c_gaeseong,
c_gokju, c_gokju,
c_pyeongju, c_pyeongju,
c_dangseong, c_dangseong,
c_gwangju, c_gwangju,
c_yangju, c_yangju,
c_chunju, c_chunju,
c_dongju, c_dongju,
c_gyoju, c_gyoju,
c_inje, c_inje,
c_haeju, c_haeju,
c_hwangju, c_hwangju,
c_pungju, c_pungju,
c_gwiju, c_gwiju,
c_jangjeong, c_jangjeong,
c_taeju, c_taeju,
c_uiju, c_uiju,
c_deungju, c_deungju,
c_goseong, c_goseong,
c_myeongju, c_myeongju,
c_ulleong, c_ulleong,
c_wonju, c_wonju,
c_andong, c_andong,
c_gyeongju, c_gyeongju,
c_ilseon, c_ilseon,
c_sangju, c_sangju,
c_guemju, c_guemju,
c_hamyang, c_hamyang,
c_jinju, c_jinju,
c_ulju, c_ulju,
b_Goryeo_Yanggwan_Cheongju, b_Goryeo_Yanggwan_Cheongju,
b_Goryeo_Yanggwan_Seorim, b_Goryeo_Yanggwan_Seorim,
b_Goryeo_Yanggwan_Yeonsan, b_Goryeo_Yanggwan_Yeonsan,
b_Goryeo_Gyeongsang_Boryeong, b_Goryeo_Gyeongsang_Boryeong,
b_Goryeo_Yanggwan_Chungju, b_Goryeo_Yanggwan_Chungju,
b_Goryeo_Yanggwan_Goeju, b_Goryeo_Yanggwan_Goeju,
b_Goryeo_Yanggwan_Jangyeon, b_Goryeo_Yanggwan_Jangyeon,
b_Goryeo_Yanggwan_Cheonan, b_Goryeo_Yanggwan_Cheonan,
b_Goryeo_Yanggwan_Gongju, b_Goryeo_Yanggwan_Gongju,
b_Goryeo_Yanggwan_Nampo, b_Goryeo_Yanggwan_Nampo,
b_Goryeo_Yanggwan_Yesan, b_Goryeo_Yanggwan_Yesan,
b_Goryeo_Yanggwan_Buseong, b_Goryeo_Yanggwan_Buseong,
b_Goryeo_Yanggwan_Hongju, b_Goryeo_Yanggwan_Hongju,
b_Goryeo_Jeolla_Gangseong, b_Goryeo_Jeolla_Gangseong,
b_Goryeo_Jeolla_Jeonju, b_Goryeo_Jeolla_Jeonju,
b_Goryeo_Jeolla_Yeonggwang, b_Goryeo_Jeolla_Yeonggwang,
b_Goryeo_Jeolla_Jillye, b_Goryeo_Jeolla_Jillye,
b_Goryeo_Jeolla_Jindong, b_Goryeo_Jeolla_Jindong,
b_Goryeo_Jeolla_Mupung, b_Goryeo_Jeolla_Mupung,
b_Goryeo_Jeolla_Imsil, b_Goryeo_Jeolla_Imsil,
b_Goryeo_Jeolla_Jinan, b_Goryeo_Jeolla_Jinan,
b_Goryeo_Jeolla_Namwon, b_Goryeo_Jeolla_Namwon,
b_Goryeo_Jeolla_Boseong, b_Goryeo_Jeolla_Boseong,
b_Goryeo_Jeolla_Namyang, b_Goryeo_Jeolla_Namyang,
b_Goryeo_Jeolla_Seungpyeong, b_Goryeo_Jeolla_Seungpyeong,
b_Goryeo_Jeolla_Donggang, b_Goryeo_Jeolla_Donggang,
b_Goryeo_Jeolla_Jangheung, b_Goryeo_Jeolla_Jangheung,
b_Goryeo_Jeolla_Jindo, b_Goryeo_Jeolla_Jindo,
b_Goryeo_Jeolla_Haeyang, b_Goryeo_Jeolla_Haeyang,
b_Goryeo_Jeolla_Naju, b_Goryeo_Jeolla_Naju,
b_Goryeo_Jeolla_Neungseong, b_Goryeo_Jeolla_Neungseong,
b_Goryeo_Jeolla_Yeongam, b_Goryeo_Jeolla_Yeongam,
b_Goryeo_Tamna_Tamna,
b_Goryeo_Tamna_WestTamna,
b_Goryeo_Bukgye_Samhwa, b_Goryeo_Bukgye_Samhwa,
b_Goryeo_Bukgye_Seogyeong, b_Goryeo_Bukgye_Seogyeong,
b_Goryeo_Bukgye_Tonghae, b_Goryeo_Bukgye_Tonghae,
b_Goryeo_Bukgye_Yonggang, b_Goryeo_Bukgye_Yonggang,
b_Goryeo_Bukgye_Isan, b_Goryeo_Bukgye_Isan,
b_Goryeo_Bukgye_Jaju, b_Goryeo_Bukgye_Jaju,
b_Goryeo_Bukgye_Seongju, b_Goryeo_Bukgye_Seongju,
b_Goryeo_Bukgye_Yangam, b_Goryeo_Bukgye_Yangam,
b_Goryeo_Bukgye_Deokju, b_Goryeo_Bukgye_Deokju,
b_Goryeo_Bukgye_Maengju,
b_Goryeo_Bukgye_Muju, b_Goryeo_Bukgye_Muju,
b_Goryeo_Bukgye_Yeongwon, b_Goryeo_Bukgye_Yeongwon,
b_Goryeo_Gaeseong_Chuiljeon, b_Goryeo_Gaeseong_Chuiljeon,
b_Goryeo_Gaeseong_Gaeseong, b_Goryeo_Gaeseong_Gaeseong,
b_Goryeo_Gaeseong_Tosan, b_Goryeo_Gaeseong_Tosan,
b_Goryeo_Yanggwan_Ganghwa, b_Goryeo_Yanggwan_Ganghwa,
b_Goryeo_Seohae_Gokju, b_Goryeo_Seohae_Gokju,
b_Goryeo_Seohae_Sineun, b_Goryeo_Seohae_Sineun,
b_Goryeo_Seohae_Suan, b_Goryeo_Seohae_Suan,
b_Goryeo_Seohae_Tosan, b_Goryeo_Seohae_Tosan,
b_Goryeo_Seohae_Dongju, b_Goryeo_Seohae_Dongju,
b_Goryeo_Seohae_Pyeongju, b_Goryeo_Seohae_Pyeongju,
b_Goryeo_Yanggwan_Anseong, b_Goryeo_Yanggwan_Anseong,
b_Goryeo_Yanggwan_Dangseong, b_Goryeo_Yanggwan_Dangseong,
b_Goryeo_Yanggwan_Jukju, b_Goryeo_Yanggwan_Jukju,
b_Goryeo_Yanggwan_Cheonyeong, b_Goryeo_Yanggwan_Cheonyeong,
b_Goryeo_Yanggwan_Gwangju, b_Goryeo_Yanggwan_Gwangju,
b_Goryeo_Yanggwan_Yanggeun, b_Goryeo_Yanggwan_Yanggeun,
b_Goryeo_Yanggwan_Gyeonju, b_Goryeo_Yanggwan_Gyeonju,
b_Goryeo_Yanggwan_Poju, b_Goryeo_Yanggwan_Poju,
b_Goryeo_Yanggwan_Yangju, b_Goryeo_Yanggwan_Yangju,
b_Goryeo_Gyoju_Chunju, b_Goryeo_Gyoju_Chunju,
b_Goryeo_Gyoju_Hoengcheon, b_Goryeo_Gyoju_Hoengcheon,
b_Goryeo_Gyoju_Hongcheon, b_Goryeo_Gyoju_Hongcheon,
b_Goryeo_Gyoju_Anhyeop, b_Goryeo_Gyoju_Anhyeop,
b_Goryeo_Gyoju_Dongju, b_Goryeo_Gyoju_Dongju,
b_Goryeo_Gyoju_Icheon, b_Goryeo_Gyoju_Icheon,
b_Goryeo_Gyoju_Pyeonggang, b_Goryeo_Gyoju_Pyeonggang,
b_Goryeo_Gyoju_Geumseong, b_Goryeo_Gyoju_Geumseong,
b_Goryeo_Gyoju_Gyoju, b_Goryeo_Gyoju_Gyoju,
b_Goryeo_Gyoju_Nangcheon, b_Goryeo_Gyoju_Nangcheon,
b_Goryeo_Gyoju_Inje, b_Goryeo_Gyoju_Inje,
b_Goryeo_Gyoju_Yanggu, b_Goryeo_Gyoju_Yanggu,
b_Goryeo_Seohae_Haeju, b_Goryeo_Seohae_Haeju,
b_Goryeo_Seohae_Ongjin, b_Goryeo_Seohae_Ongjin,
b_Goryeo_Seohae_Yeomju, b_Goryeo_Seohae_Yeomju,
b_Goryeo_Seohae_Anak, b_Goryeo_Seohae_Anak,
b_Goryeo_Seohae_Bongju, b_Goryeo_Seohae_Bongju,
b_Goryeo_Seohae_Hwangju, b_Goryeo_Seohae_Hwangju,
b_Goryeo_Seohae_Cheongsong, b_Goryeo_Seohae_Cheongsong,
b_Goryeo_Seohae_Jangyeon, b_Goryeo_Seohae_Jangyeon,
b_Goryeo_Seohae_Pungju, b_Goryeo_Seohae_Pungju,
b_Goryeo_Bukgye_Gaju, b_Goryeo_Bukgye_Gaju,
b_Goryeo_Bukgye_Gwiju, b_Goryeo_Bukgye_Gwiju,
b_Goryeo_Bukgye_Seonju, b_Goryeo_Bukgye_Seonju,
b_FIC_EMan_Bao, b_FIC_EMan_Bao,
b_Goryeo_Bukgye_Jangjeong, b_Goryeo_Bukgye_Jangjeong,
b_Goryeo_Bukgye_Sakju, b_Goryeo_Bukgye_Sakju,
b_Goryeo_Bukgye_Sukju, b_Goryeo_Bukgye_Sukju,
b_Goryeo_Bukgye_Taeju, b_Goryeo_Bukgye_Taeju,
b_Goryeo_Bukgye_Wiju, b_Goryeo_Bukgye_Wiju,
b_Goryeo_Bukgye_Cheolju, b_Goryeo_Bukgye_Cheolju,
b_Goryeo_Bukgye_Uiju, b_Goryeo_Bukgye_Uiju,
b_Goryeo_Donggye_Deungju,
b_Goryeo_Donggye_Hwaju,
b_Goryeo_Donggye_Uiju,
b_Goryeo_Donggye_Yeju, b_Goryeo_Donggye_Yeju,
b_Goryeo_Donggye_Ganseong, b_Goryeo_Donggye_Ganseong,
b_Goryeo_Donggye_Goseong, b_Goryeo_Donggye_Goseong,
b_Goryeo_Donggye_Heupgok, b_Goryeo_Donggye_Heupgok,
b_Goryeo_Donggye_Tongcheon, b_Goryeo_Donggye_Tongcheon,
b_Goryeo_Donggye_Ingnyeong, b_Goryeo_Donggye_Ingnyeong,
b_Goryeo_Donggye_Myeongju,
b_Goryeo_Donggye_Samcheok, b_Goryeo_Donggye_Samcheok,
b_Goryeo_Gyeongsang_Uljin, b_Goryeo_Gyeongsang_Uljin,
b_Goryeo_Donggye_Ulleung, b_Goryeo_Donggye_Ulleung,
b_Goryeo_Gyoju_Girin, b_Goryeo_Gyoju_Girin,
b_Goryeo_Yanggwan_Jecheon, b_Goryeo_Yanggwan_Jecheon,
b_Goryeo_Yanggwan_Pyeongchang, b_Goryeo_Yanggwan_Pyeongchang,
b_Goryeo_Yanggwan_Wonju, b_Goryeo_Yanggwan_Wonju,
b_Goryeo_Yanggwan_Yeongwol, b_Goryeo_Yanggwan_Yeongwol,
b_Goryeo_Gyeongsang_Andong, b_Goryeo_Gyeongsang_Andong,
b_Goryeo_Gyeongsang_Jaesan, b_Goryeo_Gyeongsang_Jaesan,
b_Goryeo_Gyeongsang_Sunan, b_Goryeo_Gyeongsang_Sunan,
b_Goryeo_Gyeongsang_Gyeongju, b_Goryeo_Gyeongsang_Gyeongju,
b_Goryeo_Gyeongsang_Janggi, b_Goryeo_Gyeongsang_Janggi,
b_Goryeo_Gyeongsang_Yeju, b_Goryeo_Gyeongsang_Yeju,
b_Goryeo_Gyeongsang_Gaeryeong, b_Goryeo_Gyeongsang_Gaeryeong,
b_Goryeo_Gyeongsang_Ilseon, b_Goryeo_Gyeongsang_Ilseon,
b_Goryeo_Gyeongsang_Yeongju, b_Goryeo_Gyeongsang_Yeongju,
b_Goryeo_Gyeongsang_Dain, b_Goryeo_Gyeongsang_Dain,
b_Goryeo_Gyeongsang_Giju, b_Goryeo_Gyeongsang_Giju,
b_Goryeo_Gyeongsang_Sangju, b_Goryeo_Gyeongsang_Sangju,
b_Goryeo_Gyeongsang_Guemju, b_Goryeo_Gyeongsang_Guemju,
b_Goryeo_Gyeongsang_Yeongsan, b_Goryeo_Gyeongsang_Yeongsan,
b_Goryeo_Gyeongsang_Geochang, b_Goryeo_Gyeongsang_Geochang,
b_Goryeo_Gyeongsang_Gyeongsanbu, b_Goryeo_Gyeongsang_Gyeongsanbu,
b_Goryeo_Gyeongsang_Hamyang, b_Goryeo_Gyeongsang_Hamyang,
b_Goryeo_Gyeongsang_Hapcheon, b_Goryeo_Gyeongsang_Hapcheon,
b_Goryeo_Gyeongsang_Geoje, b_Goryeo_Gyeongsang_Geoje,
b_Goryeo_Gyeongsang_Hadong, b_Goryeo_Gyeongsang_Hadong,
b_Goryeo_Gyeongsang_Jinju, b_Goryeo_Gyeongsang_Jinju,
b_Goryeo_Gyeongsang_Gijang, b_Goryeo_Gyeongsang_Gijang,
b_Goryeo_Gyeongsang_Milseong, b_Goryeo_Gyeongsang_Milseong,
b_Goryeo_Gyeongsang_Ulju, b_Goryeo_Gyeongsang_Ulju,
e_japan, e_japan,
k_azuma, k_azuma,
k_tsukushi, k_tsukushi,
k_yamato, k_yamato,
d_east_bando, d_east_bando,
d_hokurikudo, d_hokurikudo,
d_tokaido, d_tokaido,
d_tosando,
d_west_bando, d_west_bando,
d_north_saikaido, d_north_saikaido,
d_south_saikaido, d_south_saikaido,
d_east_sanindo, d_east_sanindo,
d_east_sanyodo, d_east_sanyodo,
d_kinai, d_kinai,
d_nankaido, d_nankaido,
d_west_sanindo,
d_west_sanyodo,
c_hitachi, c_hitachi,
c_kazusa, c_kazusa,
c_shimosa, c_shimosa,
c_shimotsuke, c_shimotsuke,
c_echigo, c_echigo,
c_echizen, c_echizen,
c_etchu, c_etchu,
c_kaga, c_kaga,
c_noto, c_noto,
c_ise, c_ise,
c_mikawa, c_mikawa,
c_owari, c_owari,
c_suruga, c_suruga,
c_totomi, c_totomi,
c_hida, c_hida,
c_kai, c_kai,
c_mino, c_mino,
c_omi, c_omi,
c_shinano, c_shinano,
c_izu, c_izu,
c_kozuke, c_kozuke,
c_musashi, c_musashi,
c_sagami, c_sagami,
c_bungo, c_bungo,
c_buzen, c_buzen,
c_chikugo, c_chikugo,
c_chikuzen, c_chikuzen,
c_hizen, c_hizen,
c_tsushima, c_tsushima,
c_higo, c_higo,
c_hyuga, c_hyuga,
c_osumi, c_osumi,
c_satsuma, c_satsuma,
c_inaba, c_inaba,
c_tajima, c_tajima,
c_tanba, c_tanba,
c_tango, c_tango,
c_bitchu, c_bitchu,
c_bizen, c_bizen,
c_harima, c_harima,
c_mimasaka, c_mimasaka,
c_kawachi, c_kawachi,
c_settsu, c_settsu,
c_yamashiro, c_yamashiro,
c_yamato, c_yamato,
c_awa, c_awa,
c_awaji, c_awaji,
c_iyo, c_iyo,
c_kii, c_kii,
c_sanuki, c_sanuki,
c_tosa, c_tosa,
c_hoki, c_hoki,
c_iwami, c_iwami,
c_izumo, c_izumo,
c_oki, c_oki,
c_aki, c_aki,
c_bingo, c_bingo,
c_nagato, c_nagato,
c_suo, c_suo,
b_ibaraki, b_ibaraki,
b_kashima_hitachi,
b_naka_hitachi,
b_taga_hitachi,
b_tsukuba,
b_awa, b_awa,
b_ichihara, b_ichihara,
b_ichinomiya,
b_chiba, b_chiba,
b_inba,
b_katori, b_katori,
b_katsushika,
b_ashikaga,
b_futara,
b_nasu,
b_shioya, b_shioya,
b_utsunomiya,
b_iwafune, b_iwafune,
b_kambara,
b_kubiki, b_kubiki,
b_sado, b_sado,
b_uonuma,
b_yahiko,
b_nyu, b_nyu,
b_ono_echizen,
b_sakai, b_sakai,
b_tsuruga,
b_wakasa, b_wakasa,
b_imizu, b_imizu,
b_tateyama,
b_enuma, b_enuma,
b_haku,
b_fugeshi, b_fugeshi,
b_kashima, b_kashima,
b_ano,
b_iga, b_iga,
b_ise_jingu,
b_mie,
b_shima, b_shima,
b_atsumi, b_atsumi,
b_kamo_mikawa,
b_nukata,
b_shitara, b_shitara,
b_atsuta,
b_kasugai,
b_nakashima, b_nakashima,
b_abe,
b_fuji,
b_shida,
b_fuchi,
b_suchi,
b_toyoda,
b_mashita, b_mashita,
b_ono_hida,
b_yoshiki_hida,
b_koma,
b_tsuru,
b_yatsushiro, b_yatsushiro,
b_fuwa,
b_gujo,
b_kani,
b_motosu,
b_mugi,
b_azai, b_azai,
b_enryaku_ji,
b_inukami, b_inukami,
b_koka,
b_azumi, b_azumi,
b_saku, b_saku,
b_tsukama,
b_zenko_ji,
b_kamo_izu,
b_tagata,
b_agatsuma, b_agatsuma,
b_gunma, b_gunma,
b_nitta,
b_tone,
b_adachi_musashi,
b_chichibu, b_chichibu,
b_iruma, b_iruma,
b_tama_musashi,
b_toshima, b_toshima,
b_hakone,
b_kamakura, b_kamakura,
b_osumi, b_osumi,
b_amabe, b_amabe,
b_hita,
b_kunisaki,
b_oita, b_oita,
b_ono,
b_hiko,
b_kiku,
b_usa, b_usa,
b_mii, b_mii,
b_mizuma,
b_dazaifu,
b_hakata, b_hakata,
b_kurate,
b_munakata,
b_chikanoshima,
b_matsura,
b_saga,
b_sonogi,
b_yora,
b_amakusa, b_amakusa,
b_aso_higo,
b_kikuchi,
b_kuma, b_kuma,
b_mashiki, b_mashiki,
b_yatsushiro_higo,
b_koyu, b_koyu,
b_miyazaki, b_miyazaki,
b_morokata, b_morokata,
b_naka,
b_usuki, b_usuki,
b_kimotsuki,
b_kuwabara,
b_soo, b_soo,
b_tane,
b_isa,
b_izumi_satsuma,
b_kagoshima, b_kagoshima,
b_kawanabe,
b_homi,
b_takakusa,
b_yakami,
b_asago,
b_keta_tajima,
b_kinosaki,
b_funai, b_funai,
b_hikami,
b_kuwada, b_kuwada,
b_kasa_tango,
b_kumano_tango,
b_kibitsu,
b_kuboya,
b_tetta,
b_joto,
b_oku, b_oku,
b_akashi, b_akashi,
b_ibo, b_ibo,
b_shikama, b_shikama,
b_shiso,
b_taka,
b_aida,
b_mashima,
b_tomata, b_tomata,
b_izumi, b_izumi,
b_kawachi, b_kawachi,
b_otori,
b_fukuhara,
b_nose,
b_watanabe,
b_kyo, b_kyo,
b_uji,
b_kofuku_ji,
b_omine,
b_totsukawa,
b_yoshino, b_yoshino,
b_kaifu,
b_naka_awa,
b_nakata,
b_tsurugi,
b_awaji, b_awaji,
b_ishizuchi,
b_iyo, b_iyo,
b_kita_iyo,
b_uma,
b_uwa, b_uwa,
b_hidaka,
b_kongobu_ji,
b_kumano,
b_muro, b_muro,
b_nagusa, b_nagusa,
b_kotohira,
b_sangawa,
b_yashima,
b_aki, b_aki,
b_hata, b_hata,
b_kami,
b_nagaoka,
b_takaoka,
b_daisen,
b_hino, b_hino,
b_kume,
b_kanoashi,
b_mino, b_mino,
b_naka_iwami,
b_ochi,
b_kizuki_taisha,
b_nita,
b_ou,
b_shimane,
b_oki, b_oki,
b_itsukushima,
b_kamo,
b_takada,
b_yamagata,
b_konu,
b_mikami,
b_mitsugi,
b_yasuna, b_yasuna,
b_abu, b_abu,
b_asa, b_asa,
b_otsu, b_otsu,
b_toyora,
b_kuga,
b_kumage,
b_tsuno, b_tsuno,
b_yoshiki,
e_kambuja, e_kambuja,
k_champa, k_champa,
k_chenla, k_chenla,
k_funan,
d_indrapura, d_indrapura,
d_vijaya, d_vijaya,
d_mukdahan,
d_phonsavan,
d_angkor,
d_angkor_borey,
d_baigaur, d_baigaur,
d_ratanakiri,
d_vyadhapura, d_vyadhapura,
c_indrapura, c_indrapura,
c_ma_linh,
c_simhapura, c_simhapura,
c_kauthara, c_kauthara,
c_panduranga, c_panduranga,
c_vijaya, c_vijaya,
c_canasha,
c_ku_kaeo,
c_muang_fa_daet,
c_mukdahan, c_mukdahan,
c_ubon_ratchathani,
c_salo_tai,
c_sanasomboon,
c_vien_chan,
c_angkor,
c_dong_si_mahosot,
c_koh_ker,
c_prea_vihear,
c_sambhupura, c_sambhupura,
c_angkor_borey,
c_botum_sakor,
c_mueang_phra_rot,
c_pursat, c_pursat,
c_baigaur, c_baigaur,
c_binh_dai,
c_ca_mau,
c_pleiku,
c_ratanakiri,
c_stung_treng,
c_binh_long,
c_kracheh_nokor,
c_vyadhapura,
b_dong_duong,
b_my_son,
b_quang_ngai,
b_bo_chinh,
b_dia_ly,
b_ma_linh,
b_hve,
b_simhapura, b_simhapura,
b_tan_xuyen,
b_aya_ru,
b_kauthara,
b_nhan,
b_binh_tuy,
b_malithit, b_malithit,
b_panduranga,
b_banh_it,
b_tay_son,
b_vijaya, b_vijaya,
b_canasapura, b_canasapura,
b_chaiyaphum, b_chaiyaphum,
b_phimai,
b_ku_kaeo,
b_loei, b_loei,
b_nong_bua,
b_nong_bua_lam_phu, b_nong_bua_lam_phu,
b_nong_khai,
b_khon_kaen,
b_maha_sarakham,
b_muang_fa_daet,
b_bueng_kan,
b_mukdahan, b_mukdahan,
b_sakhon_nakhon,
b_phon_sai,
b_ubon_ratchathani,
b_ubon_ratchathani_northwest,
b_ban_nathan,
b_borikham,
b_hinboun,
b_salo_tai,
b_attapeu,
b_mouang_camphon,
b_salavan, b_salavan,
b_sanasomboon,
b_ban_pang,
b_muang_fuang,
b_muang_khoun,
b_vang_vieng,
b_vien_chan,
b_angkor, b_angkor,
b_krung_poi_pet,
b_tribhuvanamaheshvara,
b_dong_si_mahosot,
b_khorat,
b_surin,
b_koh_ker,
b_phnom_dek,
b_choam_khsant,
b_lingapura, b_lingapura,
b_prea_vihear,
b_si_sa_ket, b_si_sa_ket,
b_hanchei,
b_preah_khan, b_preah_khan,
b_sambhupura, b_sambhupura,
b_angkor_borey,
b_bayang,
b_maha_rosei,
b_phnom_penh,
b_botum_sakor,
b_kompong_saom,
b_kum_pak_khlang,
b_chachoengsoo,
b_mueang_phra_rot,
b_rayong, b_rayong,
b_trat, b_trat,
b_battambang,
b_kampong_chhnang, b_kampong_chhnang,
b_pursat, b_pursat,
b_sa_kaeo,
b_baigaur, b_baigaur,
b_dinh_tuong,
b_go_cong,
b_phuoc_tuy,
b_ba_tri,
b_binh_dai,
b_thanh_phu,
b_ca_mau, b_ca_mau,
b_oc_eo,
b_soc_trang, b_soc_trang,
b_phu_bon,
b_plei_doch,
b_pleiku,
b_ea_sup,
b_mondulkiri,
b_ratanakiri,
b_pakse, b_pakse,
b_sambor,
b_stung_treng,
b_binh_long,
b_binh_long_2,
b_xuan_loc,
b_binh_long_3,
b_kracheh_nokor,
b_tay_ninh,
b_indrapura_khmer,
b_kien_phong,
b_svay_rieng,
b_vyadhapura,
e_nusantara, e_nusantara,
k_kabisay-an,
k_liuqiu, k_liuqiu,
k_lusung,
k_maluku, k_maluku,
k_ruucuu, k_ruucuu,
k_sulawesi, k_sulawesi,
k_tanjungnagara, k_tanjungnagara,
d_PHI_butuan,
d_PHI_maguindanao,
d_PHI_visayas,
d_liuqiu, d_liuqiu,
d_PHI_cagayan,
d_PHI_ilocana,
d_PHI_sandao, d_PHI_sandao,
d_PHI_tondo,
d_IDO_lesser_sunda,
d_IDO_timor,
d_papua,
d_SuMa_halmahera,
d_SuMa_maluku,
d_ruucuu, d_ruucuu,
d_SuMa_konawe, d_SuMa_konawe,
d_SuMa_luwu, d_SuMa_luwu,
d_SuMa_minahasa,
d_SuMa_tompotika, d_SuMa_tompotika,
d_BOR_barune, d_BOR_barune,
d_BOR_kutai, d_BOR_kutai,
d_BOR_nan_sarunai, d_BOR_nan_sarunai,
d_BOR_santubong, d_BOR_santubong,
d_BOR_tanjungpura, d_BOR_tanjungpura,
c_PHI_butuan,
c_PHI_calagan,
c_PHI_mandaya,
c_PHI_sarangani,
c_PHI_cotabato,
c_PHI_lanao,
c_PHI_maguindanao,
c_PHI_sulu, c_PHI_sulu,
c_PHI_zamboanga,
c_PHI_bool_and_cebu,
c_PHI_buglas,
c_PHI_panay,
c_PHI_samar,
c_PHI_tandaya,
c_amis, c_amis,
c_hoanya,
c_siraya,
c_PHI_cagayan_valley,
c_PHI_kasiguranin,
c_PHI_igorot,
c_PHI_ivatan,
c_PHI_pangasinan,
c_PHI_samtoy,
c_PHI_south_palawan,
c_PHI_taytay,
c_PHI_ibalong,
c_PHI_kalilayan,
c_PHI_ma-i,
c_PHI_masbate,
c_PHI_tondo,
c_IDO_galiyao,
c_IDO_humba,
c_IDO_nusa_nipa,
c_IDO_barat_daya,
c_IDO_sonba_i,
c_IDO_wehale,
c_aru, c_aru,
c_kepala_burung,
c_papua_selatan,
c_sran,
c_SuMa_bacan,
c_SuMa_ternate,
c_SuMa_tidore,
c_SuMa_buru-sula,
c_SuMa_raja_ampat,
c_SuMa_seram,
c_amami, c_amami,
c_ucinaa, c_ucinaa,
c_SuMa_butun,
c_SuMa_konawe,
c_SuMa_moronene,
c_SuMa_tamboeko,
c_SuMa_ajatappareng,
c_SuMa_luwu,
c_SuMa_sampaga,
c_SuMa_siang,
c_SuMa_banawa,
c_SuMa_gorontalo,
c_SuMa_wenang,
c_SuMa_banggai,
c_SuMa_banggai_utara,
c_SuMa_mori,
c_BOR_brunei, c_BOR_brunei,
c_BOR_kudat,
c_BOR_lahad_datu,
c_BOR_menjelutung,
c_BOR_nabawan,
c_BOR_berau, c_BOR_berau,
c_BOR_kutai_jauh,
c_BOR_kutai_utara,
c_BOR_martapura,
c_BOR_banjar,
c_BOR_sampit,
c_BOR_tabalung,
c_BOR_taiao,
c_BOR_iban,
c_BOR_rajang,
c_BOR_santubong,
c_BOR_tanah_taman,
c_BOR_sambas,
c_BOR_sintang,
c_BOR_sukadana,
c_BOR_waringin,
b_PHI_Agusan,
b_PHI_Baganga,
b_PHI_Butuan,
b_PHI_Cabadbaran,
b_PHI_Dinagat,
b_PHI_Siargao,
b_PHI_Surigao,
b_PHI_Tandag,
b_PHI_Kuambog,
b_PHI_Magugpo,
b_PHI_Mati,
b_PHI_Glan,
b_PHI_Malita,
b_PHI_Sarangani,
b_PHI_Bagua_Inged,
b_PHI_Idalemen,
b_PHI_Malaybalay,
b_PHI_Marahui,
b_PHI_Masiu,
b_PHI_Tagoloan,
b_PHI_Tubok,
b_PHI_Lebak,
b_PHI_Makar,
b_PHI_Sapakan,
b_PHI_Tamontaka,
b_PHI_Matangal,
b_PHI_Pangutaran,
b_PHI_Sulug,
b_PHI_Tawi_Tawi,
b_PHI_Bolong,
b_PHI_Kumalarang,
b_PHI_Tukuran,
b_PHI_Bool,
b_PHI_Katugasan,
b_PHI_Siaro,
b_PHI_Sugbu,
b_PHI_Binalbagan,
b_PHI_Dananguet,
b_PHI_Ilog,
b_PHI_Nabingkalan,
b_PHI_Akean,
b_PHI_Hamtik,
b_PHI_Himal-os,
b_PHI_Irong_Irong,
b_PHI_Borongan,
b_PHI_Catarman,
b_PHI_Catbalogan,
b_PHI_Baybay,
b_PHI_Kankabatok,
b_PHI_Panamao,
b_taiwan_new_1,
b_taiwan_new_2,
b_taiwan_new_3,
b_taiwan_changhua,
b_taiwan_miaoli,
b_taiwan_new_4,
b_taiwan_taipei,
b_taiwan_chiayi,
b_taiwan_kaohsiung,
b_taiwan_pingtung,
b_PHI_Cagayan,
b_PHI_Engano,
b_PHI_Ilongot,
b_PHI_Kirino,
b_PHI_Palana,
b_PHI_Tagalao,
b_PHI_Apayo,
b_PHI_Benguet,
b_PHI_Kalinga,
b_PHI_Aparri,
b_PHI_Babuyan,
b_PHI_Calayan,
b_PHI_Binalatongan,
b_PHI_Bolinao,
b_PHI_Pantabagan,
b_PHI_Sambala,
b_PHI_Bigan,
b_PHI_Kandong,
b_PHI_Nagparitan,
b_PHI_Balabac,
b_PHI_Pala_wan,
b_PHI_Tagbanwa,
b_PHI_Cuyo,
b_PHI_Jamayan,
b_PHI_Taytay,
b_PHI_Daet,
b_PHI_Ibalon,
b_PHI_Ibat,
b_PHI_Katanduan,
b_PHI_Sorsogon,
b_PHI_Bondoc,
b_PHI_Malindig,
b_PHI_Pilila,
b_PHI_Pulilu,
b_PHI_Bongabong,
b_PHI_Dongon,
b_PHI_Mamburao,
b_PHI_Pinamalayan,
b_PHI_Donblon,
b_PHI_Masbate,
b_PHI_Ticao,
b_PHI_Batangan,
b_PHI_Binangonan,
b_PHI_Kapampangan,
b_PHI_Maynila,
b_PHI_Tondo,
b_IDO_Alor,
b_IDO_Galiyao,
b_IDO_Lembata,
b_IDO_Kodi,
b_IDO_Melolo,
b_IDO_Sawu,
b_IDO_Bajo,
b_IDO_Endeh,
b_IDO_Larantuka,
b_IDO_Barat_Daya,
b_IDO_Tanimbar,
b_IDO_Wetar,
b_IDO_Kupang,
b_IDO_Oetune,
b_IDO_Roti,
b_IDO_Sorbian,
b_IDO_Dili,
b_IDO_Insana,
b_IDO_Lahoasupala,
b_IDO_Noimuti,
b_trangan,
b_wokam,
b_bintuni,
b_maybrat,
b_soren,
b_asmat,
b_dolok,
b_mapi,
b_kaimana,
b_namatota,
b_timika,
b_weri,
b_MAL_Bacan,
b_MAL_Obi,
b_MAL_Weda,
b_MAL_Golea,
b_MAL_Jailolo,
b_MAL_Ternate,
b_MAL_Koye,
b_MAL_Tidore,
b_MAL_Wasile,
b_MAL_Buru,
b_MAL_Sula,
b_MAL_Misool,
b_MAL_Waisai,
b_MAL_Ambwan,
b_MAL_Wahai,
b_MAL_Waru,
b_amami, b_amami,
b_kunjan_ucinaa,
b_nakajan,
b_simajiri,
b_SUL_Bhauu,
b_SUL_Goram,
b_SUL_Muna,
b_SUL_Tukangbesi,
b_SUL_Kendari,
b_SUL_Kolaka,
b_SUL_Rahambuu,
b_SUL_Wowoni,
b_SUL_Kabaena,
b_SUL_Polean,
b_SUL_Pano,
b_SUL_Tamboa,
b_SUL_Towuti,
b_SUL_Amparita,
b_SUL_Lemo_Lemo,
b_SUL_Tosora,
b_SUL_Malangke,
b_SUL_Malili,
b_SUL_Palopo,
b_SUL_Ussu,
b_SUL_Tamala,
b_SUL_Tipor,
b_SUL_Bantaeg,
b_SUL_Boni,
b_SUL_Bungoro,
b_SUL_Makassar,
b_SUL_Donda,
b_SUL_Donggala,
b_SUL_Parigi,
b_SUL_Bolango,
b_SUL_Gorontalo,
b_SUL_Kali,
b_SUL_Suwawa,
b_SUL_Bolaang,
b_SUL_Sangihe,
b_SUL_Wenang,
b_SUL_Balantak,
b_SUL_Banggai,
b_SUL_Luwuk,
b_SUL_Bunta,
b_SUL_Togian,
b_SUL_Tojo,
b_SUL_Panga,
b_SUL_Poso,
b_SUL_Waya,
b_BOR_Brunei,
b_BOR_Papar,
b_BOR_Punan,
b_BOR_Seria,
b_BOR_Kinabatangan,
b_BOR_Kudat,
b_BOR_Marudu,
b_BOR_Ranau,
b_BOR_Lahad_Datu,
b_BOR_Sibutu,
b_BOR_Tawau,
b_BOR_Kadazan,
b_BOR_Tarakan,
b_BOR_Dusun,
b_BOR_Selamban,
b_BOR_Sambiliong,
b_BOR_Tanjung_Selor,
b_BOR_Tapean,
b_BOR_Badak,
b_BOR_Melak,
b_BOR_Muara_Wehea,
b_BOR_Sangkira,
b_BOR_Sangkulirang,
b_BOR_Bontang,
b_BOR_Kutai_Loman,
b_BOR_Muara_Kaman,
b_BOR_Pemarangan,
b_BOR_Banjar,
b_BOR_Kapuas,
b_BOR_Katingan,
b_BOR_Kota_Raden,
b_BOR_Pembuang,
b_BOR_Sampit,
b_BOR_Sebangau,
b_BOR_Pasir,
b_BOR_Sepunang,
b_BOR_Tunkaren,
b_BOR_Kaburo,
b_BOR_Laut,
b_BOR_Taiao,
b_BOR_Bintulu,
b_BOR_Melano,
b_BOR_Miri,
b_BOR_Sibu,
b_BOR_Long,
b_BOR_Rajang_Atas,
b_BOR_Kanowit,
b_BOR_Santubong,
b_BOR_Sedu,
b_BOR_Sigalang,
b_BOR_Malu,
b_BOR_Tanah_Taman,
b_BOR_Landak,
b_BOR_Mempawah,
b_BOR_Sambas,
b_BOR_Sanggau,
b_BOR_Sintang,
b_BOR_Teinangga,
b_BOR_Samedang,
b_BOR_Sekadao,
b_BOR_Sukadana,
b_BOR_Kota_Waringin,
b_BOR_Seruyan,
b_BOR_Warau,
e_srivijaya,
k_hujung_medini,
k_malayadvipa,
k_yavakadvipa, k_yavakadvipa,
d_MAL_langkasuka,
d_MAL_pahang,
d_handumans,
d_nias,
d_SUM_aceh, d_SUM_aceh,
d_SUM_jambi, d_SUM_jambi,
d_SUM_minangkabau, d_SUM_minangkabau,
d_SUM_palembang, d_SUM_palembang,
d_SUM_riau, d_SUM_riau,
d_IDO_bali,
d_JAV_mataram, d_JAV_mataram,
d_JAV_taruma, d_JAV_taruma,
c_MAL_kedah,
c_MAL_kelantan,
c_MAL_patani,
c_THAI_takua_pa,
c_THAI_tambralinga,
c_MAL_gangganegara,
c_MAL_gelanggi,
c_MAL_johor,
c_MAL_pahang,
c_MAL_semantan,
c_riau,
c_andamans,
c_nakkavaram, c_nakkavaram,
c_mentawai,
c_nias, c_nias,
c_SUM_barus,
c_SUM_lambri,
c_SUM_panai,
c_SUM_perlak,
c_SUM_dharmasraya,
c_SUM_indragiri,
c_SUM_jambi,
c_SUM_karang_brahi,
c_SUM_lingga,
c_SUM_bengkulu,
c_SUM_minangkabau,
c_SUM_riak_nan_berbedur,
c_SUM_bangka-belitung,
c_SUM_east_sumatra,
c_SUM_lampung,
c_SUM_palembang,
c_SUM_pasemah,
c_SUM_kampar,
c_SUM_meranti,
c_SUM_muara_takus,
c_SUM_pekanbaru,
c_SUM_rokan,
c_IDO_bali,
c_IDO_lombok_and_sumbawa,
c_JAV_madura, c_JAV_madura,
c_JAV_janggala,
c_JAV_kalingga,
c_JAV_lumajang,
c_JAV_mataram,
c_JAV_cimanuk,
c_JAV_galuh,
c_JAV_sunda,
b_MAL_Bujang,
b_MAL_Bukit_Batu_Pahat,
b_MAL_Kedah,
b_MAL_Terang,
b_MAL_Dungun,
b_MAL_Kelantan,
b_MAL_Tinggano,
b_MAL_Menara,
b_MAL_Patani,
b_MAL_Saiburi,
b_THAI_Chaiya,
b_THAI_Gerbi,
b_THAI_Ranang,
b_THAI_Takua_Pa,
b_THAI_Kanchanadit,
b_THAI_Ligor,
b_THAI_Mardelang,
b_THAI_Trang,
b_MAL_Beruas,
b_MAL_Kelang,
b_MAL_Sungei_Ujong,
b_MAL_Endau,
b_MAL_Gelanggi,
b_MAL_Kundur,
b_MAL_Muar,
b_MAL_Johor,
b_MAL_Penawar,
b_MAL_Tumasik,
b_MAL_Inderapura,
b_MAL_Kiuli,
b_MAL_Pekan,
b_MAL_Saimwang,
b_MAL_Segamat,
b_MAL_Semantan,
b_riau,
b_siantan,
b_diglipur,
b_marakele,
b_onge, b_onge,
b_muot, b_nakkavaram,
b_nakkavaram, b_nakkavaram,
b_batu, b_batu,
b_siberut,
b_sipura, b_sipura,
b_nias,
b_simeulue, b_simeulue,
b_SUM_Barus,
b_SUM_Calang,
b_SUM_Singkil,
b_SUM_Tripa,
b_SUM_Barat,
b_SUM_Lamuri,
b_SUM_Pasai,
b_SUM_Samudra,
b_SUM_Bahal,
b_SUM_Kemang,
b_SUM_Panai,
b_SUM_Tanjung,
b_SUM_Aru,
b_SUM_Medan,
b_SUM_Perlak,
b_SUM_Tamiang,
b_SUM_Dharmasraya,
b_SUM_Gudahiri,
b_SUM_Kuala_Kuantan,
b_SUM_Indragiri,
b_SUM_Karitang,
b_SUM_Rengat,
b_SUM_Jambi,
b_SUM_Jamongas,
b_SUM_Tumbesi,
b_SUM_Tungkal,
b_SUM_Votabura,
b_SUM_Karang_Brahi,
b_SUM_Lahat,
b_SUM_Teba,
b_SUM_Kampe,
b_SUM_Lingga,
b_SUM_Tanjungpinang,
b_SUM_Andalas,
b_SUM_Bengkulu,
b_SUM_Batan,
b_SUM_Padang,
b_SUM_Tiku,
b_SUM_Inderajati,
b_SUM_Muko_Muko,
b_SUM_Bangka,
b_SUM_Belitung,
b_SUM_Kota_Kapur,
b_SUM_FIC_Rawatimur,
b_SUM_Mesuji,
b_SUM_Batu_Betil,
b_SUM_Menggala,
b_SUM_Palas_Pasemah,
b_SUM_Pugong,
b_SUM_Tulangbawang,
b_SUM_Baros,
b_SUM_Minanga_Tamwan,
b_SUM_Musi,
b_SUM_Palembang, b_SUM_Palembang,
b_SUM_Salekar,
b_SUM_Batu_Brak,
b_SUM_Pedamaran,
b_SUM_Tanah_Abang,
b_SUM_Boron,
b_SUM_Kampar,
b_SUM_Siak,
b_SUM_Selat_Panjang,
b_SUM_Suir,
b_SUM_Kahwas,
b_SUM_Kuntu,
b_SUM_Muara_Takus,
b_SUM_Pagaruyung,
b_SUM_Pekanbaru,
b_SUM_Rokan_Hilir,
b_SUM_Bengkalis,
b_SUM_Kalowang,
b_SUM_Rokan,
b_IDO_Bedulu, b_IDO_Bedulu,
b_IDO_Buleleng,
b_IDO_Jembrana,
b_IDO_Bima,
b_IDO_Lombok, b_IDO_Lombok,
b_IDO_Taliwang,
b_JAV_Kangean,
b_JAV_Sampang,
b_JAV_Sumenep,
b_JAV_Anjukladang,
b_JAV_Daha,
b_JAV_Hujung_Galuh,
b_JAV_Kahuripan, b_JAV_Kahuripan,
b_JAV_Kambang_Putih,
b_JAV_Tamwlang,
b_JAV_Dieng,
b_JAV_Keling,
b_JAV_Kuwu,
b_JAV_Lwaram,
b_JAV_Poh_Pitu,
b_JAV_Blambangan,
b_JAV_Pasuruhan,
b_JAV_Situbondo,
b_JAV_Tumapel,
b_JAV_Bagaluhan,
b_JAV_Borobodur,
b_JAV_Kampak,
b_JAV_Mamrati,
b_JAV_Mataram,
b_JAV_Wwatan,
b_JAV_Batujaya,
b_JAV_Bojang_Menje,
b_JAV_Cimanuk,
b_JAV_Cirebon,
b_JAV_Kawali,
b_JAV_Limbangan,
b_JAV_Pangandaran,
b_JAV_Purwokerto,
b_JAV_Banten,
b_JAV_Cicatih,
b_JAV_Pakuan_Pajajaran,
b_JAV_Tangaram,
b_JAV_Tugu,
b_JAV_Ujung_Kulon,
e_suvarnabhumi,
k_dvaravati,
k_pagan,
k_siam, k_siam,
d_haripunjaya, d_haripunjaya,
d_lop_buri, d_lop_buri,
d_muang_sua, d_muang_sua,
d_sipsongpanna,
d_sukhothai, d_sukhothai,
d_tun_sun,
d_arakan, d_arakan,
d_mongnai,
d_pagan,
d_ramannadesa,
d_sriksetra, d_sriksetra,
d_tagaung,
d_tengchong,
d_yongchang, d_yongchang,
c_haripunjaya, c_haripunjaya,
c_hlaingbwe,
c_mae_hong_son,
c_khu_bua, c_khu_bua,
c_lop_buri,
c_nakhon_pathom, c_nakhon_pathom,
c_chiang_khaeng,
c_luang_prabang, c_luang_prabang,
c_nan_asia,
c_ngoenyang,
c_chiang_rung,
c_moeng_long,
c_chakangrao, c_chakangrao,
c_lampang, c_lampang,
c_phetchabun, c_phetchabun,
c_sukhothai, c_sukhothai,
c_THAI_phetchaburi,
c_THAI_tenasserim,
c_thanbyuzayat,
c_ramu, c_ramu,
c_sandoway,
c_thabeik_taung, c_thabeik_taung,
c_vaisali, c_vaisali,
c_hsenwi, c_hsenwi,
c_mongnai, c_mongnai,
c_nyaungshwe,
c_ava,
c_kyaukse,
c_minbu, c_minbu,
c_pagan, c_pagan,
c_sagaing,
c_yamethin,
c_dagon,
c_kusumi,
c_pegu, c_pegu,
c_sittaung, c_sittaung,
c_thaton, c_thaton,
c_hinthada,
c_magwe,
c_sriksetra, c_sriksetra,
c_toungoo, c_toungoo,
c_hanlan,
c_kale, c_kale,
c_madaya, c_madaya,
c_takon, c_takon,
c_momauk,
c_monyin,
c_myitkyina, c_myitkyina,
c_nandian,
c_putao, c_putao,
c_moeng_laem,
c_yongchang_jingmadian,
c_yongchang_yongchang,
b_chiang_mai, b_chiang_mai,
b_chom_thong, b_chom_thong,
b_haripunjaya, b_haripunjaya,
b_phrao, b_phrao,
b_hlaingbwe, b_hlaingbwe,
b_hot,
b_mae_sot,
b_mueang_tak,
b_karen,
b_mae_hong_son,
b_pai,
b_khu_bua, b_khu_bua,
b_mueang_sing,
b_uthai_thani,
b_chan_sen,
b_lop_buri,
b_sri_thep,
b_ayuthia,
b_bangkok,
b_nakhon_pathom, b_nakhon_pathom,
b_u_thong, b_u_thong,
b_chiang_khaeng,
b_moeng_phong,
b_pak_beng, b_pak_beng,
b_luang_prabang, b_luang_prabang,
b_muang_ngoi,
b_muang_souy,
b_sainyabuli,
b_chiang_klang,
b_muang_thong,
b_nan, b_nan,
b_chiang_rai,
b_chiang_saen,
b_mong_hang,
b_chiang_coeng,
b_chiang_rung,
b_moeng_cae,
b_moeng_hing,
b_mong_la,
b_chiang_tong,
b_moeng_long,
b_muang_sing, b_muang_sing,
b_muang_u,
b_chakangrao, b_chakangrao,
b_kamphaeng_phet,
b_thap_chumphon,
b_lampang, b_lampang,
b_phayao, b_phayao,
b_phrae, b_phrae,
b_phetchabun, b_phetchabun,
b_phichit,
b_phitsanulok, b_phitsanulok,
b_srideb,
b_ban_lan,
b_sawangkaburi,
b_si_satchanalai, b_si_satchanalai,
b_sukhothai, b_sukhothai,
b_THAI_Chumpon,
b_THAI_Na_Rang,
b_THAI_Phetchaburi,
b_THAI_Singkhon,
b_THAI_Kra_Buri,
b_THAI_Mergui,
b_THAI_Tenasserim,
b_dawei, b_dawei,
b_thanbyuzayat,
b_ye,
b_dianga, b_dianga,
b_ramu, b_ramu,
b_an, b_an,
b_ramree, b_ramree,
b_sandoway, b_sandoway,
b_matamuhuri, b_matamuhuri,
b_thabeik_taung, b_thabeik_taung,
b_akyab, b_akyab,
b_launggyet, b_launggyet,
b_mahamuni, b_mahamuni,
b_mrauk_u, b_mrauk_u,
b_vaisali, b_vaisali,
b_hsenwi, b_hsenwi,
b_hsipaw, b_hsipaw,
b_monghsu,
b_mongmit,
b_mawkmai, b_mawkmai,
b_mongnai, b_mongnai,
b_mongnawn,
b_laikha, b_laikha,
b_mongkung, b_mongkung,
b_nyaungshwe,
b_taunggyi_south,
b_ava, b_ava,
b_pinya,
b_taungbyon,
b_kyaukse, b_kyaukse,
b_maingmaw,
b_mekkhaya,
b_yawnghwe, b_yawnghwe,
b_minbu, b_minbu,
b_ngape, b_ngape,
b_salin, b_salin,
b_shwesettaw, b_shwesettaw,
b_myitche,
b_nyaung_u, b_nyaung_u,
b_pagan, b_pagan,
b_popa, b_popa,
b_powundaung,
b_tantkyitaung, b_tantkyitaung,
b_halin,
b_myinmu, b_myinmu,
b_sagaing, b_sagaing,
b_binnaka, b_binnaka,
b_peikthanomyo,
b_yamethin, b_yamethin,
b_bogale, b_bogale,
b_dagon, b_dagon,
b_krapan, b_krapan,
b_syriam,
b_kusumi,
b_myaungmya, b_myaungmya,
b_negrais, b_negrais,
b_pegu, b_pegu,
b_phyu, b_phyu,
b_tharrawaddy, b_tharrawaddy,
b_shwegyin,
b_sittaung, b_sittaung,
b_mawlamyine, b_mawlamyine,
b_muttina,
b_taikkala, b_taikkala,
b_thaton, b_thaton,
b_hinthada,
b_myanaung, b_myanaung,
b_magwe,
b_shwemyo,
b_myede,
b_sriksetra, b_sriksetra,
b_taungdwingyi,
b_thayetmyo, b_thayetmyo,
b_mong_pai, b_mong_pai,
b_swa, b_swa,
b_toungoo, b_toungoo,
b_hanlan,
b_maukkadaw, b_maukkadaw,
b_mingiu,
b_chin,
b_hsawnghsup,
b_kale, b_kale,
b_madaya, b_madaya,
b_momeik,
b_singu, b_singu,
b_htigyaing,
b_myedu, b_myedu,
b_takon, b_takon,
b_wuntho,
b_bumangdian,
b_momauk,
b_waingmaw,
b_hpakant,
b_mogaung,
b_monyin,
b_shwegu,
b_danai,
b_myitkyina, b_myitkyina,
b_sumpra_bum,
b_chihpwi,
b_kokang, b_kokang,
b_nandian,
b_nujiang_lisu,
b_sawlaw,
b_hkawlanghu,
b_nongmun,
b_putao, b_putao,
b_keng_tung,
b_moeng_laem,
b_mong_yang,
b_asian_wa,
b_gengma,
b_lincang,
b_yongchang_qingdian,
b_yongchang_shengxiang,
b_yongchang_yongchang,
e_viet, e_viet,
h_china, h_china,
e_jingyang, e_jingyang,
e_liangyi, e_liangyi,
e_lingnan, e_lingnan,
e_minister_censor, e_minister_censor,
e_minister_chancellor, e_minister_chancellor,
e_minister_grand_marshal, e_minister_grand_marshal,
e_minister_of_justice, e_minister_of_justice,
e_minister_of_personnel, e_minister_of_personnel,
e_minister_of_revenue, e_minister_of_revenue,
e_minister_of_rites, e_minister_of_rites,
e_minister_of_war, e_minister_of_war,
e_minister_of_works, e_minister_of_works,
e_yongliang,
e_zhongyuan, e_zhongyuan,
k_fujian, k_fujian,
k_huainan,
k_hunan, k_hunan,
k_jiangdong,
k_jiangxi, k_jiangxi,
k_liangzhe, k_liangzhe,
k_shannan,
k_dali, k_dali,
k_dongchuan,
k_kuizhou, k_kuizhou,
k_qianzhong, k_qianzhong,
k_xichuan,
k_xingyuan,
k_lingnan, k_lingnan,
k_lingxi,
k_viet, k_viet,
k_guannei,
k_hexi,
k_daibei,
k_hebei,
k_hedong, k_hedong,
k_henan, k_henan,
k_qingxu,
k_youji,
d_jianning, d_jianning,
d_pinghai,
d_weiwu,
d_huainan, d_huainan,
d_huaixi, d_huaixi,
d_hunan, d_hunan,
d_lingling, d_lingling,
d_jiangdong,
d_xuanshe, d_xuanshe,
d_dingjiang,
d_jiangxi, d_jiangxi,
d_zhaoxin,
d_zhedong, d_zhedong,
d_zhexi, d_zhexi,
d_eyue, d_eyue,
d_jingnan, d_jingnan,
d_xiangdeng,
d_dali,
d_huichuan, d_huichuan,
d_jianchuan,
d_tonghai, d_tonghai,
d_tuodong, d_tuodong,
d_yinsheng,
d_dongchuan, d_dongchuan,
d_wuxin,
d_kuizhong,
d_qianzhong, d_qianzhong,
d_wuxi, d_wuxi,
d_luodian, d_luodian,
d_luoshi, d_luoshi,
d_shimen,
d_xiyuan,
d_zangke, d_zangke,
d_qiongnan,
d_xichuan, d_xichuan,
d_baqu,
d_lilang,
d_xingyuan,
d_gaoliang,
d_huixun,
d_lingnan, d_lingnan,
d_qiongguan,
d_guiguan, d_guiguan,
d_jingjiang,
d_rongguan, d_rongguan,
d_yongguan, d_yongguan,
d_hai_dong, d_hai_dong,
d_lam_tay, d_lam_tay,
d_nghe_an, d_nghe_an,
d_thang_long, d_thang_long,
d_binning, d_binning,
d_fengxiang, d_fengxiang,
d_fufang, d_fufang,
d_jingyuan, d_jingyuan,
d_jinshang, d_jinshang,
d_qincheng,
d_xingfeng,
d_yongxing,
d_gansu,
d_guasha,
d_hexi,
d_longyou,
d_qilian,
d_sanggan,
d_xinan,
d_yunshuo,
d_cangjing,
d_chengde, d_chengde,
d_heyang, d_heyang,
d_weibo, d_weibo,
d_xingming,
d_hedong, d_hedong,
d_hezhong, d_hezhong,
d_yanmen, d_yanmen,
d_zelu, d_zelu,
d_biansong, d_biansong,
d_chenxu, d_chenxu,
d_dongji,
d_shanguo,
d_zhenghua, d_zhenghua,
d_xusi, d_xusi,
d_yanhai,
d_yuncao,
d_ziqing, d_ziqing,
d_yideng,
d_yingmo, d_yingmo,
d_youzhou, d_youzhou,
c_jian_an,
c_nanjian,
c_shaowu,
c_tingzhou,
c_quanzhou, c_quanzhou,
c_xinghua,
c_zhangzhou,
c_funing,
c_fuzhou_1, c_fuzhou_1,
c_chuzhou_1,
c_chuzhou_2,
c_taizhou_1,
c_yangzhou, c_yangzhou,
c_guangzhou, c_guangzhou_1,
c_haozhou,
c_liyang_2,
c_lujiang,
c_shouzhou, c_shouzhou,
c_shuzhou,
c_chenzhou_1, c_chenzhou_1,
c_guiyang,
c_hengzhou, c_hengzhou,
c_lianzhou, c_lianzhou,
c_tanzhou,
c_daozhou, c_daozhou,
c_quanzhou_2, c_quanzhou_2,
c_shaozhou,
c_yongzhou,
c_changzhou, c_changzhou,
c_jiangning, c_jiangning,
c_runzhou, c_runzhou,
c_suzhou_2,
c_chizhou, c_chizhou,
c_guangde, c_guangde,
c_shezhou, c_shezhou,
c_xuanzhou, c_xuanzhou,
c_nankang,
c_raozhou,
c_xinhzou,
c_yunyang,
c_fuzhou_2, c_fuzhou_2,
c_hongzhou, c_hongzhou,
c_jianchang, c_jianchang,
c_jizhou_3, c_jizhou_3,
c_linjiang,
c_yuanzhou,
c_yunzhou_2, c_yunzhou_2,
c_nanan,
c_ningduzhou,
c_qianzhou,
c_chuzhou,
c_mingzhou_1, c_mingzhou_1,
c_taizhou,
c_wenzhou_2,
c_wuzhou, c_LIAO_wuzhou,
c_xin_an,
c_yuezhou,
c_hangzhou, c_hangzhou,
c_huzhou,
c_muzhou,
c_xiuzhou, c_xiuzhou,
c_anzhou, c_anzhou,
c_ezhou, c_ezhou,
c_huangzhou, c_huangzhou,
c_qizhou_1,
c_yuezhou_1,
c_fuzhou_3, c_fuzhou_3,
c_guizhou,
c_hanyang, c_hanyang,
c_jiangling,
c_langzhou,
c_liyang,
c_xiazhou_1, c_xiazhou_1,
c_dengzhou_1, c_dengzhou_1,
c_fangzhou_1, c_fangzhou_1,
c_junzhou, c_junzhou,
c_suizhou_1, c_suizhou_1,
c_tangzhou,
c_xiangyang,
c_yingzhou_2,
c_dali,
c_nongdong,
c_weichu,
c_huichuan, c_huichuan,
c_jianchang_1, c_jianchang,
c_chengji,
c_jianchuan,
c_xiangcheng,
c_muze,
c_tonghai, c_tonghai,
c_zuining,
c_dongchuan, c_dongchuan,
c_shanchan,
c_shicheng, c_shicheng,
c_buri,
c_weiyuan,
c_yinsheng, c_yinsheng,
c_jianzhou_1,
c_longzhou, c_longzhou,
c_mianzhou, c_mianzhou,
c_puzhou, c_puzhou,
c_tongchuan,
c_zizhou_2,
c_changzhou_1, c_changzhou_1,
c_luzhou_2, c_luzhou_2,
c_nanxi,
c_rongzhou,
c_suining,
c_yuzhou_2,
c_fuzhou_4, c_fuzhou_4,
c_kuizhou, c_kuizhou,
c_wanzhou, c_wanzhou,
c_zhongzhou,
c_bochuan,
c_nanzhou,
c_qianzhou_1,
c_shizhou_1, c_shizhou_1,
c_sizhou,
c_yizhou_3,
c_zhenxi,
c_lingxi,
c_luxi,
c_luyang, c_luyang,
c_shangxi,
c_tanyang,
c_yezhou,
c_luodian, c_luodian,
c_yanchuan,
c_yanzhou_3, c_yanzhou_3,
c_shaoqing,
c_shunzhou, c_shunzhou,
c_sie,
c_zongzhou,
c_jingzhou_2,
c_quzhou_1,
c_yinzhou_1, c_yinzhou_1,
c_guile,
c_siyuan,
c_wulong,
c_guzhou,
c_huangzhou_1, c_huangzhou_1,
c_juzhou, c_juzhou,
c_nanping,
c_yingzhou_4,
c_hanyuan,
c_jiazhou,
c_meizhou,
c_qiongbu,
c_qiongzhou, c_qiongzhou,
c_yazhou_2,
c_chengdu, c_chengdu,
c_hanzhou,
c_jianyang,
c_lingzhou_1,
c_pengzhou, c_pengzhou,
c_bazhou,
c_kaizhou, c_kaizhou,
c_quzhou,
c_tongzhou_1,
c_guozhou_1,
c_langzhou_1,
c_lizhou_2,
c_pengzhou_2, c_pengzhou_2,
c_wenzhou,
c_bizhou,
c_jizhou_2, c_jizhou_2,
c_xingyuan,
c_yangzhou_1, c_yangzhou_1,
c_gaozhou, c_gaozhou,
c_leizhou, c_leizhou,
c_luozhou,
c_chaozhou, c_chaozhou,
c_dongguan, c_dongguan,
c_huizhou_1, c_huizhou_1,
c_meizhou_1,
c_shaozhou_1,
c_xunzhou, c_xunzhou,
c_chunzhou,
c_duanzhou, c_duanzhou,
c_enzhou,
c_guangzhou_1, c_guangzhou_1,
c_kangzhou,
c_shuangzhou,
c_xinzhou_1,
c_yingde, c_yingde,
c_danzhou_1,
c_lidong,
c_wanan,
c_yazhou, c_yazhou,
c_yazhou_1,
c_guizhou_1,
c_liuzhou, c_liuzhou,
c_qingyuan,
c_rongshui, c_rongshui,
c_xiangshan,
c_gongzhou,
c_wuzhou_1, c_LIAO_wuzhou,
c_zhaozhou_1, c_zhaozhou_1,
c_baizhou,
c_lianzhou_1, c_lianzhou_1,
c_rongzhou_2,
c_tengzhou,
c_yulin,
c_binzhou_1,
c_hengzhou_1, c_hengzhou_1,
c_qinzhou_2,
c_rangzhou,
c_shukunzhou, c_shukunzhou,
c_tianzhou,
c_xunzhou_2, c_xunzhou_2,
c_yongzhou_1,
c_binh_nguyen,
c_hai_dong,
c_lam_tay,
c_quoc_oai,
c_nam_dinh,
c_nghe_an,
c_sam_nuea,
c_long_hung,
c_thang_long,
c_binzhou, c_binzhou,
c_huanzhou, c_huanzhou,
c_jinzhou,
c_qingyang,
c_fengxiang, c_fengxiang,
c_longzhou_2, c_longzhou_2,
c_danzhou, c_danzhou,
c_fangzhou, c_fangzhou,
c_fuzhou_5, c_fuzhou_5,
c_yan_an,
c_jingzhou,
c_xiaoguan,
c_yuanzhou_2,
c_jinzhou_1,
c_shangzhou, c_shangzhou,
c_chengzhou, c_chengzhou,
c_jiezhou,
c_minzhou, c_minzhou,
c_qinzhou_1,
c_weizhou_2, c_weizhou_2,
c_fengzhou, c_liao_fengzhou,
c_xingqing, c_xingqing,
c_huayin,
c_jingzhao, c_jingzhao,
c_tongzhou,
c_yaozhou, c_yaozhou,
c_ganzhou, c_ganzhou,
c_jiankang,
c_jiuquan,
c_liaoquan,
c_yumen, c_yumen,
c_zhenwu_1,
c_guazhou, c_guazhou,
c_hehe,
c_shazhou, c_shazhou,
c_shouchang,
c_xincheng,
c_ziting,
c_baishan,
c_fanhe, c_fanhe,
c_guangwu,
c_liangzhou, c_liangzhou,
c_zhanyin,
c_hezhou_2, c_hezhou_china,
c_kuozhou, c_kuozhou,
c_lanzhou_1,
c_xiningzhou,
c_qilin, c_qilin,
c_yalong, c_yalong,
c_huaian,
c_jiushijiuquan,
c_rouyuan,
c_yongxing,
c_fuzhou, c_fuzhou,
c_linzhou,
c_lxj_yunneizhou,
c_qingshan,
c_shengzhou, c_shengzhou,
c_datong_2, c_datong,
c_hongzhou_2, c_hongzhou_2,
c_shuozhou, c_shuozhou,
c_yingzhou_5,
c_yuzhou,
c_cangzhou, c_cangzhou,
c_dezhou,
c_dizhou, c_dizhou,
c_jizhou, c_jizhou,
c_shenzhou_1, c_shenzhou_1,
c_zhaozhou, c_zhaozhou,
c_zhenzhou,
c_huaizhou,
c_weizhou_1, c_weizhou_1,
c_beizhou, c_beizhou,
c_bozhou_1, c_bozhou_1,
c_weizhou, c_weizhou,
c_mingzhou, c_mingzhou,
c_xiangzhou, c_xiangzhou,
c_xingzhou, c_xingzhou,
c_fenzhou, c_fenzhou,
c_lanzhou,
c_liaozhou,
c_shizhou, c_shizhou,
c_taiyuan, c_taiyuan,
c_cizhou, c_cizhou,
c_hezhong,
c_jiangzhou_2, c_jiangzhou_2,
c_pingyang,
c_xizhou,
c_daizhou, c_daizhou,
c_xinzhou,
c_longde,
c_yangcheng,
c_zezhou, c_zezhou,
c_bianzhou, c_bianzhou,
c_bozhou, c_bozhou,
c_shanzhou, c_shanzhou,
c_songzhou, c_songzhou,
c_yingzhou, c_yingzhou,
c_caizhou, c_caizhou,
c_huaining,
c_shenzhou, c_shenzhou,
c_yingchuan,
c_henan,
c_ruzhou, c_ruzhou,
c_guozhou,
c_shanzhou_2, c_shanzhou,
c_huazhou, c_huazhou,
c_zhengzhou, c_zhengzhou,
c_huaiyang,
c_sizhou_2,
c_suzhou, c_suzhou,
c_xuzhou_1,
c_haizhou,
c_langya,
c_mizhou,
c_yanzhou, c_yanzhou,
c_caozhou, c_caozhou,
c_puzhou_2, c_puzhou_2,
c_qizhou,
c_yunzhou, c_yunzhou,
c_dengzhou, c_dengzhou,
c_laizhou, c_laizhou,
c_qingzhou, c_qingzhou,
c_weizhou_4, c_weizhou_4,
c_zichuan,
c_dingzhou, c_dingzhou,
c_yizhou_1,
c_hejian,
c_mozhou, c_mozhou,
c_guizhou_2,
c_jizhou_1, c_jizhou_1,
c_pinzhou,
c_tanzhou_2,
c_youzhou, c_youzhou,
c_zhuozhou,
b_chongan,
b_jianan,
b_jianyang,
b_pucheng,
b_jiangle,
b_jianpu,
b_sha,
b_shunchang,
b_yongan,
b_youxi, b_youxi,
b_guangze,
b_jianning,
b_shaowu,
b_changting,
b_ninghua,
b_shanghang,
b_wuping,
b_dehua,
b_huichuan_2, b_huichuan,
b_jinjiang,
b_qingxi_1,
b_putian, b_putian,
b_xianyou,
b_xinghua, b_cirlzj_xinghua,
b_changtai,
b_longxi_1,
b_longyan,
b_zhangpu,
b_changxi,
b_fuan,
b_ningde,
b_fuqing,
b_gutian,
b_lianjiang,
b_min,
b_yongtai,
b_baoying,
b_shanyang_2,
b_xuyi, b_xuyi,
b_yancheng, b_yancheng,
b_qingliu,
b_quanjiao,
b_yongyang,
b_hailing, b_hailing,
b_jinghai,
b_rugao,
b_gaoyou, b_gaoyou,
b_jiangdu, b_jiangdu,
b_liuhe, b_liuhe,
b_tianchang, b_tianchang,
b_dingcheng,
b_guangshan,
b_gushi,
b_yincheng_1, b_yincheng_1,
b_dingyuan,
b_zhaoyi,
b_zhongli,
b_hanshan,
b_liyang,
b_chao,
b_hefei,
b_lujiang, b_lujiang,
b_shen,
b_shucheng_1, b_shucheng_1,
b_anfeng,
b_houqiu,
b_huoshan,
b_luan,
b_shouchun, b_shouchun,
b_huaining,
b_susong,
b_taihu,
b_tongcheng,
b_wangjiang,
b_chen,
b_gaoting,
b_yizhang,
b_yongxing_1,
b_zixing,
b_lanshan,
b_linwu,
b_pingyang,
b_chaling,
b_changning, b_changning,
b_hengyang_1,
b_leiyang, b_leiyang,
b_you,
b_guiyang,
b_lianshan, b_lianshan,
b_yangshan,
b_changsha,
b_hengshan, b_hengshan,
b_liuyang, b_liuyang,
b_xiangtan,
b_xiangxiang, b_xiangxiang,
b_dali, b_dali,
b_hongdao,
b_jianghua,
b_guanyang,
b_xiangyuan_1, b_xiangyuan_1,
b_xiyan,
b_anhua_1,
b_shaoyang,
b_suining, b_suining,
b_wugang,
b_xinhua,
b_xinning,
b_dongan,
b_lingling,
b_qiyang,
b_jiangyin,
b_jinling,
b_wuxi, b_wuxi,
b_yixing,
b_dangtu,
b_gourong, b_gourong,
b_jiangning,
b_lishui, b_lishui,
b_dantu,
b_danyang,
b_jintan,
b_changshu, b_changshu,
b_kunshang,
b_wu, b_wu,
b_qingyang,
b_qiupu, b_qiupu,
b_shidai,
b_zhide,
b_guangde,
b_jianping,
b_jixi, b_EMan_Jixi,
b_qimen,
b_she_1,
b_wuyaun,
b_xiuning,
b_jing,
b_jingde,
b_nanling,
b_ningguo,
b_xuancheng,
b_duchang,
b_hukou,
b_pengze, b_pengze,
b_dexing,
b_fuliang, b_fuliang,
b_leping_1,
b_poyang,
b_yugan_2, b_yugan,
b_guixi,
b_shangrao, b_shangrao,
b_yanshan,
b_yiyang_1,
b_yushan,
b_dean,
b_ruichang,
b_xunyang, b_xunyang,
b_chongren,
b_jinxi,
b_lean_1,
b_linchuan,
b_yihuang, b_yihuang,
b_fengcheng,
b_fenning,
b_jianchang, b_jianchang,
b_nanchang,
b_wuning,
b_guangchang,
b_nancheng,
b_nanfeng,
b_anfu_2,
b_luling, b_luling,
b_taihe,
b_wanan,
b_yongxin, b_yongxin,
b_qingjiang,
b_xingan,
b_xinyu,
b_fenyi,
b_pingxiang,
b_yichun,
b_gaoan, b_gaoan,
b_shanggao,
b_xinchang,
b_dayu,
b_nankang,
b_shangyou,
b_huichang,
b_qianhua, b_qianhua,
b_ruijin,
b_yudu,
b_anyuan,
b_gan,
b_jinyun,
b_lishui_1, b_lishui,
b_longquan_1,
b_qingtian, b_qingtian,
b_songyang,
b_cixi,
b_mao,
b_wengshan, b_wengshan,
b_xiangshan,
b_huangyan, b_huangyan,
b_lean,
b_linhai,
b_ninghai,
b_angu, b_angu,
b_hengyang,
b_yongjia,
b_yuecheng,
b_dongyang,
b_jinhua,
b_puyang_1, b_puyang_1,
b_yongkang,
b_longqiu,
b_xinan,
b_xujiang,
b_kuaiji,
b_shan_1,
b_yuyao, b_yuyao,
b_zhuji, b_zhuji,
b_fuyang_1, b_fuyang_1,
b_qiantang,
b_yuhang,
b_yuqian, b_yuqian,
b_anji,
b_wucheng_2,
b_wukang,
b_jiande,
b_qingxi,
b_shouchang_1,
b_suian,
b_haiyan,
b_huating, b_huating,
b_jiaxing,
b_anlu,
b_xiaochang,
b_yingshan,
b_yunmeng, b_yunmeng,
b_jiangxia,
b_puqi, b_puqi,
b_tangnian,
b_wuchang,
b_yongxing_2,
b_huanggang,
b_huangpi, b_huangpi,
b_macheng,
b_guangji,
b_huangmei, b_huangmei,
b_qichun,
b_qishui, b_qishui,
b_baling,
b_changjiang, b_changjiang,
b_linxiang,
b_xiangyin, b_xiangyin,
b_jianli, b_jianli,
b_jingling,
b_mianyang,
b_yusha,
b_badong, b_badong,
b_xingshan,
b_zigui, b_zigui,
b_hanchuan,
b_hanyang,
b_dangyang, b_dangyang,
b_jiangling,
b_jingmen,
b_qianjiang,
b_zhijiang,
b_longyang, b_longyang,
b_taoyuan, b_taoyuan,
b_wuling, b_wuling,
b_yuanjiang, b_yuanjiang,
b_anxiang,
b_cili,
b_gongan, b_gongan,
b_huarong, b_huarong,
b_liyang_1,
b_yidu_1, b_yidu,
b_yiling,
b_yuanan, b_yuanan,
b_jutan,
b_nanyang, b_nanyang,
b_neixiang, b_neixiang,
b_rang,
b_xinye, b_xinye,
b_fangling, b_fangling,
b_shangyong, b_shangyong,
b_yongqing,
b_zhushan,
b_fengli, b_fengli,
b_wudang, b_wudang,
b_yunxiang, b_yunxiang,
b_guanghua,
b_sui,
b_tangcheng,
b_zaoyang, b_zaoyang,
b_beiyang,
b_biyang_1,
b_fangcheng, b_fangcheng,
b_tongbai, b_tongbai,
b_gucheng, b_gucheng,
b_lexiang, b_lexiang,
b_nanzhang,
b_xiangyang, b_xiangyang,
b_yicheng,
b_changshou,
b_fushui,
b_jingshan,
b_dali_1, b_dali,
b_ningbei,
b_yunnan, b_yunnan,
b_nongdong,
b_shenli,
b_elu,
b_moyu,
b_huichuan_1, b_huichuan,
b_nuodan,
b_xituo,
b_taideng, b_taideng,
b_yuexi,
b_chengji_1, b_chengji_1,
b_luogong,
b_songwai, b_songwai,
b_jianchuan,
b_lanxi, b_lanxi,
b_yunlong,
b_kunmimg,
b_lidou,
b_loutou,
b_ayue,
b_mengpeng,
b_muze,
b_jianshui,
b_qixi,
b_tonghai, b_tonghai,
b_xie,
b_baogu,
b_hami_2, b_hami,
b_mile, b_mile,
b_bipan,
b_lulu,
b_yilong,
b_anning, b_anning,
b_que,
b_tuodong,
b_shicheng_1,
b_shizong,
b_yushi, b_yushi,
b_buri_2, b_buri,
b_buteng,
b_fengyi,
b_luotuo,
b_weiyuan_1,
b_hepu, b_hepu,
b_kainan, b_kainan,
b_menggu,
b_jianmen,
b_puan,
b_zitong, b_zitong,
b_jiangyou,
b_qingchuan,
b_baxi,
b_weicheng,
b_anju,
b_anyue,
b_qi_1,
b_tongquan,
b_tongshan,
b_yanting, b_yanting,
b_panshi,
b_ziyang,
b_jingnan,
b_yongchuan,
b_hejiang,
b_luchuan,
b_mianshui,
b_bodao,
b_yibin, b_yibin,
b_gongjing,
b_xuchuan,
b_fangyi,
b_shijing,
b_suining_1, b_suining_1,
b_ba,
b_bishan,
b_jiangjin, b_jiangjin,
b_binhua, b_binhua,
b_fuling, b_fuling,
b_lewen,
b_wulong, b_wulong,
b_dachang,
b_fengjie,
b_wushan_1, b_wushan_1,
b_yunan,
b_liangshan,
b_lichuan, b_lichuan,
b_nanpu,
b_wuning_1,
b_dianjiang,
b_linjiang,
b_nanbin,
b_daishui, b_daishui,
b_zunyi,
b_nanchuan,
b_sanxi,
b_duhong,
b_duru,
b_pengshui,
b_qianjiang_1,
b_geluo,
b_jianshi,
b_qingjiang_1,
b_xisha,
b_fuchuan,
b_ningyi,
b_siqiong, b_siqiong,
b_wuchuan,
b_suiyang, b_suiyang,
b_yangchuan,
b_yiquan,
b_leyuan,
b_rongyi,
b_yelang, b_yelang,
b_danting,
b_daxiang,
b_huixi,
b_chenxi, b_chenxi,
b_chipeng,
b_xuangu,
b_xupu,
b_yuanling,
b_changfeng,
b_luyang,
b_zhaoyu,
b_anfu,
b_baoshun,
b_shanxi,
b_langxi, b_langxi,
b_longbiao,
b_tanyang,
b_tongdao,
b_eshan,
b_weixi,
b_zijiang,
b_lainan,
b_shian,
b_jiangzhou,
b_yanchuan_1, b_yanchuan_1,
b_jiangkun,
b_qinglan,
b_qingxi_2,
b_wuhou, b_wuhou,
b_gongzhou,
b_haozhou,
b_puning,
b_xizhou,
b_humao,
b_qushui_1,
b_zheyuan,
b_fengzhou, b_Liao_Fengzhou,
b_fude,
b_sie,
b_yujing,
b_songshui,
b_yanquan,
b_yanshui,
b_humu,
b_jingchuan,
b_xunlu,
b_dongan_2,
b_zhuti, b_zhuti,
b_kaibian,
b_muyuan,
b_yinzhou, b_yinzhou,
b_guile,
b_lengzhou,
b_shuangcheng,
b_siyuan,
b_temo,
b_dongjian,
b_sigang,
b_wulong_1, b_wulong_1,
b_gushu,
b_leshan,
b_lexing,
b_bianxi,
b_tonggu_1, b_tonggu_1,
b_binhua_1, b_binhua_1,
b_pingan,
b_shicheng,
b_shiniu, b_shiniu,
b_houzhou,
b_maolong,
b_nanping,
b_xunzhou,
b_dushang,
b_tuolong,
b_yingjiang,
b_hanyuan,
b_tongwang,
b_jiajiang,
b_longyou, b_longyou,
b_qianwei, b_qianwei,
b_suishan,
b_danling,
b_hongya, b_hongya,
b_tongyi,
b_baosai,
b_beilu_2, b_beilu,
b_nuozuo,
b_huojing,
b_linqiong, b_linqiong,
b_pujiang,
b_baizhang_1,
b_rongjing,
b_yandao,
b_chengdu, b_chengdu,
b_wenjiang,
b_xinfan,
b_deyang, b_deyang,
b_luo,
b_mianzhu, b_mianzhu,
b_jinshui,
b_yangan,
b_jingyan,
b_renshou,
b_daojiang,
b_jiulong,
b_guiren,
b_huacheng,
b_qizhang,
b_kaijiang,
b_xinpu,
b_linshui, b_linshui,
b_liujiang,
b_qujiang, b_qujiang,
b_baqu,
b_dongxiang,
b_tongchuan_1,
b_yongmu,
b_hanchu,
b_nanchong,
b_xiangru, b_xiangru,
b_cangxi,
b_langzhong, b_langzhong,
b_nanbu, b_nanbu,
b_jiameng,
b_jinggu, b_jinggu,
b_miangu,
b_fuyu,
b_pengchi,
b_qushui,
b_tongchang,
b_baishi,
b_dongba,
b_fuyang_2, b_fuyang_2,
b_tongjiang,
b_jiachuan,
b_nanjiang,
b_chenggu, b_chenggu,
b_nanzheng,
b_sanquan, b_sanquan,
b_xi,
b_xingdao, b_xingdao,
b_xixiang,
b_zhenfu,
b_baoning,
b_dianbai,
b_maoming,
b_haikang,
b_suixi,
b_xuwen,
b_lianjiang_1,
b_linglu,
b_shilong,
b_wuchuan_1,
b_chaoyang,
b_haining,
b_haiyang,
b_jieyang,
b_wanchuan,
b_baoan_1,
b_dongguan, b_dongguan,
b_tunmen,
b_boluo,
b_guishan,
b_haifeng, b_haifeng,
b_heyuan, b_heyuan,
b_luan_2,
b_xinle,
b_chengxiang,
b_likeng,
b_songkou,
b_lechang,
b_qujiang_1, b_qujiang,
b_shixing,
b_wengyuan,
b_zhenchang,
b_changle_1, b_changle_1,
b_leixiang,
b_qichang,
b_shikeng,
b_xingning, b_xingning,
b_fulin,
b_luoshui,
b_yangchun,
b_gaoyao,
b_huameng,
b_sihui,
b_duling,
b_enping,
b_yangjiang,
b_huaiji,
b_nanhai,
b_qingyuan_1, b_qingyuan_1,
b_xiangshan_1,
b_zengcheng, b_zengcheng,
b_duanxi,
b_fengchuan,
b_kaijian,
b_yuecheng_1,
b_jinkang,
b_jinshui_1,
b_shuangshui,
b_zhennan,
b_pingxing,
b_xinhui,
b_xinxing, b_xinxing,
b_yongshun,
b_hankuang,
b_zhenyang,
b_changhua_1,
b_ganen,
b_yilun,
b_chengmai, b_chengmai,
b_limu,
b_liodong,
b_lehui,
b_lingshui,
b_wanan_1,
b_shecheng,
b_siqiongshan,
b_wenchang,
b_jiyang,
b_ningyuan,
b_yande,
b_liding,
b_lingchuan,
b_lingui,
b_lipu,
b_longcheng_1, b_longcheng,
b_luocao,
b_luorong,
b_maping,
b_dumeng,
b_longshui, b_longshui,
b_yimeng,
b_leshan_2,
b_rongshui,
b_wuyang_1,
b_laibin,
b_wuxian,
b_yangshou,
b_pingnan,
b_wulang,
b_wulin,
b_cangwu,
b_fuchuan_1,
b_linhe_1,
b_longpimg,
b_pingle,
b_yangshuo,
b_bobai, b_bobai,
b_longchi,
b_zhouluo,
b_dalian,
b_fengshan,
b_hepu_1, b_hepu_1,
b_beiliu,
b_longhua,
b_luchuan_1,
b_puning_1,
b_cenxi,
b_rongcheng_1,
b_tanjin,
b_nanliu,
b_xingye,
b_yuping,
b_heshui,
b_lingfang,
b_ningpu,
b_yongding,
b_anjing,
b_lingshan,
b_qinjiang,
b_rangjiang,
b_wule,
b_xianchuan,
b_gongrao,
b_shukun,
b_wande,
b_dujiu,
b_hengshan_1, b_hengshan_1,
b_dabin, b_dabin,
b_guiping,
b_yulin_1, b_yulin_1,
b_langning, b_langning,
b_ruhe,
b_wuyaun_1,
b_xuanhua,
b_binh_nguyen,
b_nung,
b_quang_nguyen,
b_thuong_nguyen,
b_vi_long, b_vi_long,
b_hai_dong,
b_lan_song,
b_van_asia,
b_chau_phong,
b_ha_giang,
b_lam_tay,
b_tam_giang,
b_hoang_giang,
b_muong_lay,
b_quoc_oai,
b_son_la,
b_lam_son,
b_nam_dinh,
b_thanh_hoa, b_thanh_hoa,
b_truong_yen,
b_dien_chau, b_dien_chau,
b_nghe_an,
b_nghe_an_2,
b_tra_lan,
b_hua_muong,
b_sam_nuea,
b_kien_xuong,
b_long_hung,
b_tan_hung,
b_ha_bac,
b_phu_luong,
b_thang_long, b_thang_long,
b_sanshui,
b_xinping,
b_yilu,
b_fangqu, b_fangqu,
b_huaian_2,
b_luoyuan,
b_dingan,
b_pengyuan, b_pengyuan,
b_xiangle,
b_anhua,
b_huachi, b_huachi,
b_tongchuan,
b_mei,
b_purun,
b_tianxing,
b_qianyang, b_qianyang,
b_qianyuan,
b_wushan, b_wushan,
b_yichuan,
b_yunyan,
b_chengcheng,
b_shengping,
b_zhongbu,
b_luochuan,
b_luojiao,
b_zhiluo, b_zhiluo,
b_baoan,
b_fushi,
b_fuzheng,
b_jinming, b_jinming,
b_yanchuan, b_yanchuan,
b_baoding, b_baoding,
b_liangyuan, b_liangyuan,
b_linjing, b_linjing,
b_huaide,
b_xioaguan,
b_baiquan, b_baiquan,
b_pinggao, b_pinggao,
b_pingliang, b_pingliang,
b_ankang, b_ankang,
b_shiquan,
b_xicheng, b_xicheng,
b_xunyang_2, b_xunyang_2,
b_qianyuan_1,
b_shangjin,
b_shanglo,
b_shangluo,
b_changdao, b_changdao,
b_shanglu,
b_tonggu, b_tonggu,
b_fujin,
b_jiangli,
b_hezheng,
b_huaidao,
b_youchuan, b_youchuan,
b_chengji, b_chengji,
b_longcheng_2, b_longcheng,
b_qingshui, b_qingshui,
b_shanggui, b_shanggui,
b_longxi,
b_weiyuan, b_weiyuan,
b_hechi,
b_liangquan,
b_changju,
b_shunzheng,
b_huayin, b_huayin,
b_xiagui, b_xiagui,
b_zheng,
b_changan, b_changan,
b_jingyang, b_jingyang,
b_lantian, b_lantian,
b_liquan, b_liquan,
b_zhouzhi, b_zhouzhi,
b_fucheng,
b_heyang_1, b_heyang_1,
b_pingyi, b_pingyi,
b_fuping, b_fuping,
b_huayuan,
b_yunyang,
b_shandan, b_shandan,
b_yanzhi,
b_zhangye,
b_jiankang,
b_qilian,
b_dongting,
b_fulu, b_fulu,
b_jiuquan,
b_ganjun, b_ganjun,
b_heli,
b_liaoquan,
b_dudeng,
b_jinshan,
b_yumen, b_yumen,
b_baiting,
b_zhenwu,
b_changle, b_changle,
b_jinchang, b_jinchang,
b_yonggui,
b_baizhang,
b_hehe, b_hehe,
b_xinghu,
b_dunhuang_2, b_dunhuang,
b_mogao, b_mogao,
b_longle,
b_shouchang,
b_yangguan, b_yangguan,
b_mingshui,
b_xincheng,
b_ganquan,
b_ziting,
b_baishan,
b_xinquan,
b_fanhe, b_fanhe,
b_xiutu,
b_guangwu,
b_herong,
b_yunjie,
b_changsong,
b_guzang,
b_shenwu, b_shenwu,
b_aowei,
b_zhanyin,
b_zhiyang,
b_daxia,
b_fuhan,
b_kangle,
b_guangwei,
b_michuan,
b_didao, b_didao,
b_jincheng_1, b_jincheng,
b_gemen,
b_huangshui,
b_longzhi,
b_miaochuan,
b_qilin,
b_semnyi, b_semnyi,
b_yalong, b_yalong,
b_yeniugou, b_yeniugou,
b_baishui, b_baishui,
b_huaian,
b_rouxuan,
b_guanshan,
b_jining,
b_jiushijiuquan,
b_goupo, b_goupo,
b_rouyuan,
b_longmen, b_longmen,
b_wende,
b_yongxing,
b_jinghua,
b_xiazhou_dejing_east,
b_liangu, b_liangu,
b_linzhou_xintai,
b_linzhou_yincheng,
b_cirlxj_dongshengzhou,
b_cirlxj_shanyu,
b_cirlxj_zhenwu,
b_cirlxj_heicheng,
b_cirlxj_heishabao,
b_heiqing,
b_jinsu,
b_shengzhou_hebin,
b_shengzhou_yulin,
b_huairen_2, b_huairen_2,
b_wuzhou,
b_xuande,
b_yunzhong,
b_shunsheng,
b_yongning, b_yongning,
b_mayi,
b_ningyuan_2,
b_shanyang,
b_shenwu_2, b_shenwu_2,
b_hengshan_2, b_hengshan_2,
b_huanyuan,
b_jincheng, b_jincheng,
b_dingan_2,
b_feihu,
b_lingqiu, b_lingqiu,
b_lingxian,
b_lucheng,
b_qingchi,
b_wudi,
b_ande, b_ande,
b_dongguang,
b_pingyuan, b_pingyuan,
b_bohai,
b_shanghe, b_shanghe,
b_yanci,
b_wuyi,
b_xindu, b_xindu,
b_gaocheng,
b_luze,
b_raoyang, b_raoyang,
b_pingji,
b_yuanshi,
b_zanhuang,
b_huolu,
b_lingshou,
b_zhending,
b_henei,
b_heyang, b_heyang,
b_ji_2,
b_wei,
b_linqing,
b_qinghe,
b_wucheng,
b_gaotang, b_gaotang,
b_liaocheng,
b_dunqiu,
b_guantao, b_guantao,
b_yuancheng,
b_fuyang, b_fuyang,
b_handan, b_handan,
b_yongnian,
b_anyang,
b_linzhang,
b_neihuang,
b_julu, b_julu,
b_longgang,
b_ren,
b_lingshi, b_lingshi,
b_pingyao, b_pingyao,
b_xihe,
b_hehe_2, b_hehe_2,
b_jingle, b_jingle,
b_langu, b_langu,
b_yifang, b_yifang,
b_fenxi,
b_heshun,
b_liaoshan, b_liaoshan,
b_yushe, b_yushe,
b_dinghu,
b_fangshan,
b_linquan,
b_lishi, b_lishi,
b_jiaocheng, b_jiaocheng,
b_leping,
b_shouyang, b_shouyang,
b_taiyuan, b_taiyuan,
b_yangqu, b_yangqu,
b_jichang, b_jichang,
b_wencheng, b_wencheng,
b_anyi, b_anyi,
b_hedong, b_hedong,
b_pinglu,
b_wenxi, b_wenxi,
b_longmen_2, b_longmen_2,
b_quwo, b_quwo,
b_yuan,
b_zhengping, b_zhengping,
b_huoyi, b_huoyi,
b_jishi,
b_linfen, b_linfen,
b_daning, b_daning,
b_pu,
b_shilou,
b_xichuan, b_xichuan,
b_fanshi, b_fanshi,
b_guo,
b_tanglin,
b_wutai,
b_yanmen, b_yanmen,
b_dingxiang, b_dingxiang,
b_xiurong, b_xiurong,
b_lucheng_1,
b_shangdang, b_shangdang,
b_she,
b_xiangyuan, b_xiangyuan,
b_mianshang, b_mianshang,
b_qinyuan, b_qinyuan,
b_tongdi,
b_gaoping,
b_jincheng_2, b_jincheng,
b_qinshui,
b_chenliu, b_chenliu,
b_fengqiu,
b_kaifeng,
b_yongqiu, b_yongqiu,
b_chengfu,
b_luyi,
b_mengcheng,
b_qiao,
b_shanfu,
b_yutai,
b_songcheng, b_songcheng,
b_xiangyi,
b_xiayi,
b_yucheng,
b_ruyin,
b_shenqiu,
b_xiacai, b_xiacai,
b_yingshang, b_yingshang,
b_pingyu,
b_ruyang,
b_xincai, b_xincai,
b_xiping,
b_taikang, b_taikang,
b_wanqiu,
b_xiangcheng_1, b_xiangcheng_1,
b_luoshan,
b_yiyang,
b_zhongshan, b_zhongshan,
b_changshe,
b_fugou,
b_wuyang,
b_yangzhai,
b_dengfeng,
b_fuchang,
b_luoyang, b_luoyang,
b_yanshi,
b_yique, b_yique,
b_liang,
b_xiangcheng, b_xiangcheng,
b_ye_2,
b_hongnong,
b_lushi, b_lushi,
b_lingbao,
b_shan,
b_baima,
b_lingchang,
b_suanzao,
b_guancheng, b_guancheng,
b_xingyang, b_xingyang,
b_yangwu, b_yangwu,
b_suqian, b_suqian,
b_tancheng,
b_xiapi, b_xiapi,
b_lianshui, b_lianshui,
b_linhuai,
b_xucheng,
b_fuli,
b_hong,
b_linhuan,
b_qi,
b_pei,
b_pengcheng,
b_teng,
b_xiao,
b_huairen, b_huairen,
b_muyang,
b_qushan,
b_cheng,
b_fei,
b_linyi,
b_xintai,
b_yishui,
b_anqiu,
b_gaomi, b_gaomi,
b_jiaoxi,
b_ju,
b_zhucheng,
b_fuqu,
b_laiwu, b_laiwu,
b_qianfeng, b_qianfeng,
b_xiaqiu,
b_zou,
b_jiyin,
b_kaocheng,
b_nanhua,
b_yuanju,
b_juancheng,
b_leize,
b_puyang, b_puyang,
b_changqing, b_changqing,
b_licheng,
b_linji, b_linji,
b_zhangqiu, b_zhangqiu,
b_donge, b_donge,
b_juye,
b_xuchang, b_xuchang,
b_zhongdu,
b_huang,
b_muping,
b_penglai,
b_wendeng, b_wendeng,
b_changyang,
b_jiaoshui,
b_jimo,
b_ye_1,
b_linqu,
b_linzi, b_linzi,
b_shouguang,
b_yidu_2, b_yidu,
b_beihai, b_beihai,
b_changyi,
b_changshan,
b_zichuan,
b_zouping, b_zouping,
b_anxi, b_anxi,
b_wangdu,
b_laishui,
b_rongcheng,
b_yi,
b_hejian,
b_leshou,
b_shucheng, b_shucheng,
b_mo,
b_qingyuan, b_qingyuan,
b_wenan,
b_huairong, b_huairong_2,
b_jinshan_2,
b_sanhe,
b_wuqing,
b_yuyang, b_yuyang,
b_zunhua, b_zunhua,
b_anxi_2, b_anxi,
b_lulong,
b_macheng_2,
b_shicheng_2,
b_huairou, b_huairou,
b_miyun,
b_xingtang,
b_yanle,
b_anci,
b_changping,
b_ji,
b_lu,
b_yongqing_2,
b_fanyang,
b_guan,
k_chrysanthemum_throne, k_chrysanthemum_throne,
k_yongson_throne, k_yongson_throne,
