"shared_id","modlu_rgb","modlu_name","orijinal_rgb","orijinal_name"
"3222","5,5,5","IMPASSABLE","202,16,154","b_quanzhou_tong_an"
"9662","93,19,31","Valkenburg","93,18,31","west_hokkaido_mountains"
"9667","93,63,161","Lauenburg","93,33,161","IMPASSABLE CENTRAL GOBI 2"
"9669","177,39,169","Sternberg","57,119,44","b_fuzhou_linchuan"
"9670","9,43,35","Aargau","9,42,35","IMPASSABLE EASTERN GOBI 1"
"9673","135,51,164","Esslingen","216,152,3","b_fuzhou_chongren"
"9674","177,54,37","Oettingen","162,179,245","b_fuzhou_nancheng"
"9675","9,57,165","Nagold","187,93,211","b_fuzhou_nanfeng"
"9679","177,69,167","Solothurn","241,113,46","b_xinzhou_shangrao"
"9680","9,73,41","Fribourg","9,72,40","IMPASSABLE Borneo deep jungle"
"9682","93,79,41","Dagsburg","171,155,197","b_xinzhou_yiyang"
"9683","135,81,169","Fenis","100,216,6","b_xinzhou_guixi"
"9684","177,85,43","Verres","196,187,19","b_raozhou_huangshan"
"9685","9,87,170","SusaPied","54,105,188","b_raozhou_pengze"
"9686","51,91,43","Racconigi","223,251,73","b_xuzhou_teng"
"9687","93,93,171","Rapallo","51,82,123","b_xuzhou_xiapi"
"9688","135,96,44","Finale","211,135,40","b_xuzhou_pengcheng"
"9689","177,99,172","Castellodellalucertola","18,163,249","b_sizhou_linhuai"
"9690","9,103,45","Fortunago","146,230,241","b_haozhou_zhongli"
"9691","51,105,173","Bobbio","247,39,7","b_suzhou_fuli"
"9692","93,108,46","Arona","2,92,134","b_suzhou_qi"
"9693","135,111,174","Locarno","245,198,54","b_suzhou_hong"
"9694","177,114,47","Lecco","88,207,29","b_pingzhou_lulong"
"9695","9,117,175","Sondrio","137,107,148","b_pingzhou_shicheng"
"9696","51,121,49","Trezzo","211,124,73","b_pingzhou_macheng"
"9697","93,123,176","Parabiago","209,209,111","b_jizhou_yutian"
"9698","135,126,49","Soncino","167,145,65","b_jizhou_sanhe"
"9699","177,129,177","Treviglio","95,145,12","b_guishunzhou_huairou"
"9700","9,132,51","Albino","244,61,246","b_youzhou_lu"
"9701","51,135,178","Sirmione","99,169,209","b_youzhou_wuqing"
"9702","93,138,51","Salo","200,172,148","b_youzhou_ji"
"9703","135,141,179","Novellara","222,161,246","b_zhuozhou_fanyang"
"9704","177,144,53","Gonzaga","81,141,138","b_zhuozhou_xincheng"
"9705","9,147,180","Redondesco","117,249,245","b_zhuozhou_guiyi"
"9706","51,150,53","Sarzana","181,210,146","b_mozhou_mo"
"9707","93,153,181","Carrara","146,162,169","Chuzhou2_Chuzhou"
"9708","135,156,54","Altopascio","244,32,32","b_mozhou_qingyuan"
"9709","177,159,182","Brolio","179,154,16","b_mozhou_wen_an"
"9710","9,162,55","Pisano","177,137,150","b_yingzhou_hejian"
"9711","51,165,183","Monteregio","16,28,177","b_yingzhou_leshou"
"9712","93,168,56","Arcidosso","81,235,61","b_yingzhou_boye"
"9713","135,171,184","Fiesole","224,35,109","b_maozhou_wenshan"
"9714","177,174,57","CarrPad","199,192,177","b_hanzhou_mianzhu"
"9715","9,177,185","Bassano","102,36,84","b_hanzhou_luo"
"9716","51,180,58","Schio","241,145,119","b_hanzhou_shifang"
"9717","93,183,186","Martellago","25,116,147","b_mianzhou_weicheng"
"9718","135,186,59","Concordia","128,173,250","b_zizhou_qi"
"9719","177,189,187","Este","164,224,131","b_zizhou_yongtai"
"9720","9,192,61","LugoItaly","130,146,6","b_zizhou_feiniao"
"9721","51,195,188","Cervia","140,213,18","b_jianzhou_jinshui"
"9722","93,198,61","SanMarino","140,35,104","b_puzhou_anyue"
"9724","177,204,63","Gradara","76,112,194","b_zizhou_panshi"
"9725","9,207,190","Iesi","18,223,210","b_zizhou_neijiang"
"9726","51,210,63","Recanati","54,245,136","b_lingzhou_renshou"
"9727","93,0,191","Tolentino","148,73,204","b_lingzhou_jingyan"
"9728","135,3,65","Calascio","218,127,4","b_rongzhou_xuchuan"
"9729","177,6,192","Tusculum","246,125,189","b_rongzhou_gongjing"
"9730","9,9,65","Nerola","118,66,245","b_luzhou_luchuan"
"9731","51,13,193","Arce","242,170,32","b_luzhou_jiang_an"
"9732","93,15,67","Albano","246,73,49","b_changzhou_jingnan"
"9733","135,19,194","Butera","165,219,49","b_changzhou_yongchuan"
"9734","177,21,67","Aderno","64,146,41","b_suizhou_fangyi"
"9735","9,24,195","PaternoSicily","146,82,97","b_suizhou_pukang"
"9736","51,27,68","Geraci","50,6,170","b_hezhou_shijing"
"9737","93,31,196","Gerace","216,245,216","b_hezhou_hanchu"
"9738","135,33,69","Severina","125,183,177","b_guozhou_yuechi"
"9739","177,36,197","Marsico","25,45,111","b_guozhou_nanchong"
"9740","9,39,70","Gravina","204,155,60","b_langzhou_langzhong"
"9741","51,43,198","Lecce","122,31,181","b_langzhou_fangguo"
"9742","93,45,71","GallPug","3,217,148","b_pengzhou_pengchi"
"9743","135,48,199","Nardo","153,42,42","b_pengzhou_dazhu"
"9744","177,51,73","Conversano","106,245,59","b_quzhou_linshan"
"9745","9,54,200","Manopoli","209,38,98","b_quzhou_linshui"
"9746","51,57,73","Andria","143,116,76","b_quzhou_liujiang"
"9747","93,61,201","SontAngelo","189,25,162","b_tongzhou_tongchuan"
"9748","135,63,74","Severo","148,44,150","b_tongzhou_baqu"
"9749","177,67,202","Gargano","182,20,248","b_kaizhou_wansui"
"9750","9,69,75","Manopello","23,67,155","b_kaizhou_kaijiang"
"9751","51,73,203","Celano","79,212,36","b_bizhou_baishi"
"9752","93,75,76","Albe","218,118,211","b_bizhou_dongba"
"9753","135,78,204","Penne","72,186,173","b_bizhou_tongjiang"
"9754","177,81,77","Aquino","211,110,131","b_wanzhou_wuning"
"9755","9,85,205","Pontecorvo","53,122,134","b_wanzhou_nanpu"
"9756","51,87,78","Fondi","171,152,104","b_wanzhou_liangshan"
"9757","93,90,206","Aversa","93,183,186","Lingnan_Lianzhou_Hepu"
"9758","135,93,79","Nola","156,127,15","b_zhongzhou_nanbin"
"9759","177,96,207","Acerra","43,227,54","b_zhongzhou_linjiang"
"9760","9,99,81","Pozzuoli","30,159,88","b_zhongzhou_guixi"
"9761","51,103,208","Ischia","85,28,40","b_kuizhou_wushan"
"9762","93,105,81","Nocera","93,60,201","Lingnan_Xunzhou_Guigang"
"9763","135,109,209","Sorrento","155,196,212","b_kuizhou_fengjie"
"9764","177,111,83","Eboli","99,163,104","b_kuizhou_yun_an"
"9765","9,115,210","Paestum","136,130,241","b_yangzhou_xixiang"
"9766","51,117,83","Campobasso","165,189,29","b_yangzhou_xingdao"
"9767","93,120,211","Molise","81,154,0","b_xingyuan_nanzheng"
"9768","135,123,84","Avellino","92,178,69","b_xingyuan_xi"
"9769","177,127,212","Buonalbergo","153,241,8","b_xingyuan_sanquan"
"9770","9,129,85","Gesualdo","140,224,74","b_bazhou_huacheng"
"9771","51,132,213","Montemarano","166,96,178","b_jizhou_nanjiang"
"9772","93,135,87","Hamamashen","31,178,16","b_jizhou_jiachuan"
"9773","135,138,214","ArgyropolisPontus","86,234,193","b_lizhou_yingshan"
"9774","177,141,87","Tavira","88,181,247","b_lizhou_jinggu"
"9775","9,144,215","Salvaterra","210,4,227","b_wenzhou_qushui"
"9776","51,147,89","Alenquer","146,91,241","b_longzhou_qingchuan"
"9777","93,150,216","Sintra","26,230,100","b_jianzhou_jianmen"
"9778","135,153,89","Tomar","234,206,137","b_jianzhou_yinping"
"9779","177,156,217","Cantanhede","117,103,194","b_jianzhou_linjin"
"9780","9,159,90","Guarda","89,27,72","b_luoyang"
"9781","51,162,218","Guernica","93,105,81","Lingnan_Nanning_Fu_Nanning"
"9782","93,165,91","Santikurutze","32,1,156","b_he_nan_goushi"
"9783","135,168,219","Eibar","9,111,145","Lingnan_Nanning_Fu_Shangsi"
"9784","177,171,93","Leyre","51,114,18","Lingnan_Nanning_Fu_Wuxuzhen"
"9785","9,174,220","Haro","51,57,73","Lingnan_Nanning_Fu_Yongchun"
"9786","51,177,93","Elne","248,72,199","b_he_nan_gaocheng"
"9787","93,180,221","Torroella","237,112,249","b_he_nan_yiyang"
"9788","135,183,94","Llivia","75,233,218","b_he_nan_yongning"
"9789","177,186,222","Pallars","91,161,251","b_he_nan_mianchi"
"9790","9,189,95","Benabarre","34,46,158","b_ruzhou_liang"
"9791","51,192,223","Boltana","85,29,167","b_ruzhou_jiacheng"
"9792","93,195,97","Saissac","137,100,66","b_ruzhou_xiangcheng"
"9793","135,198,224","Termes","172,64,63","b_xuzhou_changshe"
"9794","177,201,97","Minerve","37,227,199","b_xuzhou_yangzhai"
"9795","9,204,225","Cruzy","189,148,154","b_xuzhou_fugou"
"9796","51,207,99","SaintPol","88,191,125","b_xuzhou_wuyang"
"9797","93,210,226","Crotoy","56,21,123","b_caizhou_ruyang"
"9798","135,0,99","Forges","201,188,86","b_yingzhou_ruyin"
"9800","9,7,0","Domfront","236,80,175","b_yingzhou_shenqiu"
"9801","51,9,128","PercyNorm","153,134,27","b_bozhou_qiao"
"9802","93,13,1","Granville","9,102,45","Lingnan_Leizhou_Guantou"
"9803","135,15,129","SaintLo","51,135,178","Lingnan_Leizhou_Zhanjiang"
"9804","177,18,2","Guines","124,133,210","b_bozhou_chengfu"
"9805","9,21,130","Bethune","185,172,133","b_bozhou_mengcheng"
"9806","51,25,3","Arras","127,215,84","b_bozhou_zhenyuan"
"9807","93,27,131","Beveren","19,211,146","b_bozhou_luyi"
"9808","135,31,5","Aardenburg","110,114,67","b_bozhou_yongcheng"
"9809","177,33,132","Torhout","2,251,149","b_songzhou_chuqiu"
"9810","9,36,5","Etaples","150,23,23","b_songzhou_yucheng"
"9811","51,39,133","Channel Islands","205,99,141","b_songzhou_songcheng"
"9812","93,43,7","Channel Islands2","230,73,106","b_singzhou_xiangyi"
"9813","135,45,134","Loughor","98,28,120","b_chenzhou_taikang"
"9814","177,49,7","Kyntyre","157,69,121","b_chenzhou_wanqiu"
"9815","9,51,135","Kinloch","135,186,59","Lingnan_Qinzhou_Lingshan"
"9816","51,55,9","Aeleach","135,201,189","Lingnan_Qinzhou_Gusendong"
"9817","93,57,136","Colonsay","177,204,62","Lingnan_Qinzhou_Anyuan"
"9818","135,61,9","Iona","164,8,103","b_chenzhou_xiangcheng"
"9819","177,63,137","Trotternish","207,197,3","b_huazhou_baima"
"9820","9,67,11","RumIsles","33,105,200","b_zhengzhou_yangwu"
"9821","51,69,138","Moluag","67,152,64","b_zhengzhou_guancheng"
"9822","93,73,11","Pheadar","197,30,1","b_kaifeng_kaifeng"
"9823","135,75,139","Madytos","120,47,0","b_kaifeng_fengqiu"
"9824","177,78,12","Malgara","73,166,225","b_kaifeng_yongqiu"
"9825","9,81,140","Tzouroulos","222,157,199","b_kaifeng_chenliu"
"9826","51,84,13","Agathopolis","122,153,14","b_shizhou_qingjiang"
"9827","93,87,141","Pomorie","241,198,228","b_qianzhou_qianjiang"
"9828","135,91,15","Debelt","73,213,124","b_qianzhou_pengshui"
"9830","9,97,15","HagiaSophia","3,210,248","b_sizhou_wuchuan"
"9831","51,99,143","Oropioi","35,63,207","b_sizhou_siqiong"
"9832","93,103,17","Kimmerikon","91,26,255","b_sizhou_ningyi"
"9833","135,105,144","Sougdaia","183,144,214","b_jinzhou_luyang"
"9834","177,109,17","Alouston","134,17,229","b_jinzhou_weiyang"
"9835","9,111,145","Mangup","209,219,168","b_jinzhou_changfeng"
"9836","51,114,18","Yamboli","218,174,157","b_xizhou_daxiang"
"9837","93,117,146","Yalta","51,54,8","Lingnan_Guishunzhou_Jingxi"
"9838","135,121,21","BataCrim","93,57,136","Lingnan_Guishunzhou_Napo"
"9839","177,123,147","Kraslava","135,60,9","Lingnan_Taiping_Taiping"
"9840","9,127,21","Tauragnai","12,40,240","Lingnan_Taiping_Chongzuo"
"9841","51,129,148","Svencionys","101,52,123","b_xizhou_santing"
"9842","93,132,21","Lepiel","247,168,190","Lingnan_Taiping_Xialeizhen"
"9843","135,135,149","Dzisna","51,69,138","Lingnan_Siming_Siming"
"9844","177,138,23","Capcir","93,72,11","Lingnan_Siming_Longzhou"
"9845","9,141,150","Castellnou","135,75,139","Lingnan_Siming_Silingzhou"
"9846","51,144,23","Ashmyany","9,9,65","Taiwan_Chiayi"
"9847","93,147,151","Halshany","51,12,193","Taiwan_Changhua"
"9848","135,150,25","Iwye","93,15,66","Taiwan_Kaohsiung"
"9849","177,153,152","Deltuva","135,18,194","Taiwan_Pingtung"
"9850","9,156,25","Giedraiciai","177,21,67","Taiwan_Miaoli"
"9851","51,159,153","Medininkai","9,24,195","Taiwan_Taipei"
"9852","93,162,26","Salcininkai","175,13,74","b_chenzhou_yuanling"
"9856","51,174,29","Mirbel","51,174,28","Goryeo_Tamna_Tamna"
"9857","93,177,156","Budslav","160,252,63","b_chenzhou_luxi"
"9859","177,183,157","Byblos","177,198,32","Goryeo_Donggye_Samcheok"
"9860","9,186,31","Darom","177,183,157","Goryeo_Donggye_Ingnyeong"
"9861","51,189,158","Gibelin","9,186,30","Goryeo_Donggye_Ganseong"
"9862","93,192,31","Ibelin","51,189,158","Goryeo_Donggye_Goseong"
"9863","135,195,159","Qula","93,192,31","Goryeo_Donggye_Tongcheon"
"9864","177,198,32","JerLod","135,195,159","Goryeo_Donggye_Heupgok"
"9868","135,210,34","TowerDavid","94,108,151","Goryeo_Donggye_Yeju"
"9869","177,0,162","Bethlehem","52,105,23","Goryeo_Donggye_Ulleung"
"9870","9,3,35","Belfort","135,210,34","Goryeo_Gyoju_Inje"
"9871","51,7,163","MontfortFort","177,30,167","Goryeo_Gyoju_Girin"
"9872","93,9,36","Bikfaiya","177,0,162","Goryeo_Gyoju_Yanggu"
"9873","135,13,164","Batroun","9,3,35","Goryeo_Gyoju_Gyoju"
"9874","177,15,37","Amioun","51,6,163","Goryeo_Gyoju_Geumseong"
"9875","9,19,165","Baniyassyria","93,9,36","Goryeo_Gyoju_Nangcheon"
"9876","51,21,39","Sahyun","51,21,38","Goryeo_Gyoju_Pyeonggang"
"9877","93,25,166","Stavrovouni","93,24,166","Goryeo_Gyoju_Icheon"
"9878","135,27,39","Kantara","93,39,41","Goryeo_Gyoju_Anhyeop"
"9879","177,31,167","SalamisCyprus","9,33,40","Goryeo_Gyoju_Dongju"
"9880","9,33,41","ZikhAlania","135,12,164","Goryeo_Gyoju_Chunju"
"9881","51,37,168","Lentekhi","135,27,39","Goryeo_Gyoju_Hoengcheon"
"9882","93,39,41","Martvili","177,15,37","Goryeo_Gyoju_Hongcheon"
"9883","135,43,169","Bukistsikhe","135,42,169","Goryeo_Bukgye_Yeongwon"
"9884","177,45,43","Skhalta","177,45,42","Goryeo_Bukgye_Muju"
"9885","9,49,170","Ozurgeti","9,48,170","Goryeo_Bukgye_Deokju"
"9887","93,55,171","Parekhi","9,63,45","Goryeo_Bukgye_Jangjeong"
"9888","135,57,45","Khakhuli","51,66,173","Goryeo_Bukgye_Sakju"
"9889","177,61,172","Kola","93,69,46","Goryeo_Bukgye_Uiju"
"9890","9,63,45","Akhalkalaki","177,75,47","Goryeo_Bukgye_Cheolju"
"9891","51,67,173","Khertvisi","9,78,175","Goryeo_Bukgye_Gwiju"
"9892","93,69,47","Kldekari","51,81,48","Goryeo_Bukgye_Seonju"
"9893","135,73,174","Zarzma","93,84,176","Goryeo_Bukgye_Gaju"
"9894","177,75,47","Odzrakhe","135,87,49","Goryeo_Bukgye_Taeju"
"9895","9,79,175","Atskuri","177,90,177","Goryeo_Bukgye_Sukju"
"9896","51,81,49","Tori","135,57,44","Goryeo_Bukgye_Wiju"
"9897","93,85,176","Tsikhegoji","93,99,51","Goryeo_Bukgye_Samhwa"
"9898","135,87,49","Keselo","135,102,179","Goryeo_Bukgye_Yonggang"
"9899","177,91,177","Sioni","9,108,180","Goryeo_Bukgye_Seogyeong"
"9900","9,93,51","DavitGar","51,96,178","Goryeo_Bukgye_Tonghae"
"9901","51,97,178","Bodbe","51,111,53","Goryeo_Bukgye_Jaju"
"9902","93,99,51","Kaghankatuyk","93,114,181","Goryeo_Bukgye_Seongju"
"9903","135,103,179","Sabaran","135,117,54","Goryeo_Bukgye_Yangam"
"9904","177,105,53","Shikhlar","9,93,50","Goryeo_Bukgye_Isan"
"9905","9,109,180","Khachen","177,120,182","Goryeo_Gaeseong_Tosan"
"9906","51,111,53","Vararakn","51,126,183","Goryeo_Gaeseong_Jeongju"
"9907","93,115,181","Amaras","93,129,56","Goryeo_Gaeseong_Chuiljeon"
"9908","135,117,55","Baghaberd","177,135,57","Goryeo_Seohae_Tosan"
"9909","177,121,182","Vanevan","9,138,185","Goryeo_Seohae_Suan"
"9910","9,123,55","Hrasekaberd","51,156,188","Goryeo_Seohae_Sineun"
"9911","51,127,183","Jermuk","51,141,58","Goryeo_Seohae_Gokju"
"9912","93,129,56","TatevMon","93,144,186","Goryeo_Seohae_Hwangju"
"9913","135,132,184","Artashat","135,147,59","Goryeo_Seohae_Anak"
"9914","177,135,57","Mahkanaberd","177,150,187","Goryeo_Seohae_Bongju"
"9915","9,138,185","Haghpat","9,153,60","Goryeo_Seohae_Dongju"
"9916","51,141,59","Geghard","135,162,189","Goryeo_Seohae_Pungju"
"9917","93,144,186","Bjni","177,165,62","Goryeo_Seohae_Jangyeon"
"9918","135,147,59","Ashtarak","9,168,190","Goryeo_Seohae_Cheongsong"
"9919","177,150,187","Amberd","51,171,63","Goryeo_Seohae_Haeju"
"9920","9,153,60","Shirakavan","177,180,192","Goryeo_Seohae_Ongjin"
"9921","51,156,188","Tekor","51,186,193","Goryeo_Seohae_Ubong"
"9922","93,159,61","Baghesh","93,189,66","Goryeo_Seohae_Pyeongju"
"9923","135,162,189","Tercan","135,192,194","Goryeo_Yanggwan_Bukju"
"9924","177,165,63","Bingol","177,195,67","Goryeo_Yanggwan_Namyeong"
"9925","9,168,190","Varzahan","51,201,68","Goryeo_Yanggwan_Haengju"
"9926","51,171,63","Tralles","135,207,69","Goryeo_Yanggwan_Wonju"
"9927","93,174,191","Magnesia","177,12,72","Goryeo_Yanggwan_Cheonan"
"9928","135,177,65","Erythrai","9,15,200","Goryeo_Yanggwan_Yanggeun"
"9929","177,180,192","Hazar DeÅˆizi","51,18,73","Goryeo_Yanggwan_Cheonyeong"
"9930","9,183,65","Lake Zaysan","177,210,197","Goryeo_Yanggwan_Pyeongchang"
"9931","51,186,193","Lake Alakol","9,0,70","Goryeo_Yanggwan_Yeongwol"
"9932","93,189,66","Ebi Lake","135,9,199","Goryeo_Yanggwan_Jecheon"
"9933","135,192,194","Issyk-Kul","93,21,201","Goryeo_Yanggwan_Chungju"
"9934","177,195,67","Sayram Lake","135,24,74","Goryeo_Yanggwan_Goeju"
"9935","9,198,195","Lake Markakol","177,27,202","Goryeo_Yanggwan_Jangyeon"
"9936","51,201,68","Ulungur Lake","9,30,75","Goryeo_Yanggwan_Cheongju"
"9937","93,204,196","Jili Lake","93,36,76","Goryeo_Yanggwan_Gongju"
"9938","135,207,69","Ailik Lake","135,39,204","Goryeo_Yanggwan_Yeonsan"
"9939","177,210,197","Tsetseg Nuur","177,42,77","Goryeo_Yanggwan_Gwangju"
"9940","9,0,70","Khar-Us Nuur","51,48,78","Goryeo_Yanggwan_Seorim"
"9941","51,3,198","Khar Nuur","93,51,206","Goryeo_Yanggwan_Nampo"
"9942","93,6,71","DÃ¶rgÃ¶n Nuur","9,60,80","Goryeo_Yanggwan_Buseong"
"9943","135,9,199","Sangiin Dalai Nuur","51,63,208","Goryeo_Yanggwan_Guseong"
"9944","177,12,72","Ereen Nuur","93,66,81","Goryeo_Yanggwan_Yesan"
"9945","9,15,200","Gegeen Nuur","93,204,196","Goryeo_Yanggwan_Ganghwa"
"9946","51,18,73","BÃ¶Ã¶n Tsagaan Nuur","51,78,83","Goryeo_Yanggwan_Dangseong"
"9947","93,21,201","Orog Nuur","93,81,211","Goryeo_Yanggwan_Anseong"
"9948","135,24,74","Taatsiin Tsagaan Nuur","135,84,84","Goryeo_Yanggwan_Jukju"
"9949","177,27,202","Khyargas Nuur","9,105,215","Goryeo_Jeolla_Hampyeong"
"9950","9,30,75","Uvs Nuur","177,102,87","Goryeo_Jeolla_Mokpo"
"9951","51,33,203","ÃœÃ¼reg nuur","51,108,88","Goryeo_Jeolla_Yeonggwang"
"9952","93,36,76","Achit Nuur","93,111,216","Goryeo_Jeolla_Gangseong"
"9954","177,42,77","TeÅ„iz KÃ³li","51,123,218","Goryeo_Jeolla_Jangheung"
"9955","9,45,205","Chatyr KÃ¶l","93,126,91","Goryeo_Jeolla_Donggang"
"9956","51,48,78","Katta KÃ¶l","93,96,86","Goryeo_Jeolla_Jindo"
"9957","93,51,206","Siob KÃ¶l","177,132,92","Goryeo_Jeolla_Jindong"
"9958","135,54,79","GarabogazkÃ¶l","9,135,220","Goryeo_Jeolla_Jillye"
"9959","177,57,207","Co Ngoinbo","51,138,93","Goryeo_Jeolla_Mupung"
"9960","9,60,80","Suqian Lake","9,150,95","Goryeo_Jeolla_Jinan"
"9961","51,63,208","Ngoring Lake","93,156,96","Goryeo_Jeolla_Namwon"
"9962","93,66,81","Gyaring Lake","135,159,224","Goryeo_Jeolla_Imsil"
"9963","135,69,209","Donggei Cuona Lake","9,165,225","Goryeo_Jeolla_Seungpyeong"
"9964","177,72,82","Taiji Nai'er Lake","93,171,226","Goryeo_Jeolla_Boseong"
"9965","9,75,210","Ayakum Lake","135,174,99","Goryeo_Jeolla_Heungyang"
"9966","51,78,83","Lake Aqqikkol","177,177,227","Goryeo_Jeolla_Neungseong"
"9967","93,81,211","Lake Jingyu","136,189,129","Goryeo_Jeolla_Haeyang"
"9968","135,84,84","Yamdrok Yumtso","178,192,2","GORYEO_TAEBAEK_MOUNTAINS"
"9969","177,87,212","Puma Yumco","10,195,130","Goryeo_Tamna_WestTamna"
"9970","9,90,85","Namtso","52,198,3","Goryeo_Gyeongsang_Janggi"
"9971","51,93,213","Bong Co","94,201,131","Goryeo_Gyeongsang_Pyeonghae"
"9972","93,96,86","Neri Punco","136,204,4","Goryeo_Gyeongsang_Yeju"
"9973","135,99,214","Bam Co","178,207,132","Goryeo_Gyeongsang_Gyeongju"
"9974","177,102,87","Pung Co","10,210,5","Goryeo_Gyeongsang_Ulju"
"9975","9,105,215","Cona","52,0,133","Goryeo_Gyeongsang_Gijang"
"9976","51,108,88","Zigetangcuo Lake","136,6,134","Goryeo_Gyeongsang_Cheongdo"
"9977","93,111,216","Ringco Kongma","52,15,8","Goryeo_Gyeongsang_Jaesan"
"9978","135,114,89","Gomang Co","178,24,137","Goryeo_Gyeongsang_Sunan"
"9979","177,117,217","SÃªling Co","10,27,10","Goryeo_Gyeongsang_Andong"
"9980","9,120,90","Kyebxang Co","52,30,138","Goryeo_Gyeongsang_Hadong"
"9981","51,123,218","Angda'er Co","136,36,139","Goryeo_Gyeongsang_Jinju"
"9982","93,126,91","Gyaring Co","178,39,12","Goryeo_Gyeongsang_Geoje"
"9983","135,129,219","Jargo Co","52,45,13","Goryeo_Gyeongsang_Boryeong"
"9984","177,132,92","Urru Co","10,57,15","Goryeo_Gyeongsang_Sangju"
"9985","9,135,220","Norma Co","94,63,16","Goryeo_Gyeongsang_Dian"
"9986","51,138,93","DagzÃª Co","136,66,144","Goryeo_Gyeongsang_Giju"
"9987","93,141,221","Gemang Co","178,69,17","Goryeo_Gyeongsang_Hamyang"
"9988","135,144,94","Tangra Yumco","10,72,145","Goryeo_Gyeongsang_Geochang"
"9989","177,147,222","Xuru Co","52,75,18","Goryeo_Gyeongsang_Gyeongsanbu"
"9990","9,150,95","Mucuobingni","94,78,146","Goryeo_Gyeongsang_Hapcheon"
"9991","51,153,223","Zhari Namco","136,81,19","Goryeo_Gyeongsang_Ilseon"
"9992","93,156,96","Paiku Co","178,84,147","Goryeo_Gyeongsang_Gaeryeong"
"9993","135,159,224","Dawa Lake","52,90,148","Goryeo_Gyeongsang_Yeongju"
"9994","177,162,97","Garen Co","136,96,149","Goryeo_Gyeongsang_Yeongsan"
"9995","9,165,225","Taro Tso","178,99,22","Goryeo_Gyeongsang_Chirwon"
"9996","51,168,98","Chabyer Co","206,245,79","b_chenzhou_chenxi"
"9997","93,171,226","Rinchen Shuptso","80,127,205","b_xuzhou_longbiao"
"9998","135,174,99","Ang Laren","153,101,239","b_xuzhou_langxi"
"9999","177,177,227","Lagkor Co","66,70,182","b_xuzhou_tanyang"
"10000","10,180,0","Manas Sarovar","150,87,36","b_jiangzhou_eshan"
"10001","52,183,128","Ravan Tal","226,199,18","b_jiangzhou_zijiang"
"10002","94,186,1","Chibzhang Co","152,150,239","b_feihou_chengle"
"10003","136,189,129","Dorsoidong Co","138,217,93","b_yizhou_suiyang"
"10004","178,192,2","Pongyin Co","219,215,77","b_yizhou_yangchuan"
"10005","10,195,130","Linggo Co","1,209,167","b_yizhou_yiquan"
"10006","52,198,3","Wulanwula Lake","254,66,214","b_fuzhou_fuling"
"10007","94,201,131","Mingjing Lake","202,20,17","b_fuzhou_wulong"
"10008","136,204,4","Xijir Ulan Lake","43,138,232","b_fuzhou_lewen"
"10009","178,207,132","Hoh Xil Lake","214,152,106","b_qinzhou_ligao"
"10010","10,210,5","Zhuonai Lake","147,174,54","b_qinzhou_rongyi"
"10011","52,0,133","Kusai Lake","128,153,91","b_qinzhou_yelang"
"10012","94,3,6","Yinma Lake","109,13,33","b_bozhou_zunyi"
"10013","136,6,134","Lexie Wudan Lake","147,71,217","b_bozhou_daishui"
"10014","178,9,7","Taiyang Lake","11,3,135","b_guizhou_badong"
"10015","10,12,135","Yuye Lake","247,52,6","b_guizhou_zigui"
"10016","52,15,8","Xuemei Lake","122,106,163","b_fangzhou_yiqing"
"10017","94,18,136","Yinbo Lake","95,100,6","b_fangzhou_fangling"
"10018","136,21,9","IberiaImpassable8","147,131,133","b_fangzhou_zhushan"
"10019","178,24,137","Amtogor Lake","68,235,86","b_xiazhou_yuanan"
"10020","10,27,10","Longmu Co","75,151,57","b_xiazhou_yiling"
"10021","52,30,138","Chem Co","71,97,174","b_xiazhou_yidu"
"10022","94,33,11","Jieze Caka","9,145,90","b_jianglingfu_shishou"
"10023","136,36,139","Lumajangdong Co","251,139,93","b_jianglingfu_dangyang"
"10024","178,39,12","Aru Co","63,12,109","b_jianglingfu_gong_an"
"10025","10,42,140","Memar Co","152,94,173","b_lizhou_cili"
"10027","94,48,141","Bairab Co","28,164,171","b_lizhou_liyang"
"10028","136,51,14","Hamoon Jazmoorian Lake","13,12,175","b_langzhou_wuling"
"10029","178,54,142","Bakhtegan Lake","220,195,219","b_fuzhou_jianli"
"10030","10,57,15","Maharloo Lake","240,53,43","b_fuzhou_mianyang"
"10031","52,60,143","Namak Lake","51,111,87","b_fuzhou_jinling"
"10032","94,63,16","Lake Urmia","115,154,128","b_yingzhou_changshou"
"10033","136,66,144","Lake Van","156,22,158","b_yingzhou_fushui"
"10034","178,69,17","Lake ErÃ§ek","195,248,119","b_suizhou_sui"
"10035","10,72,145","Lake Sevan","224,14,240","b_suizhou_tangcheng"
"10036","52,75,18","Lake Ã‡Ä±ldÄ±r","49,185,154","b_suizhou_zaoyang"
"10037","94,78,146","Lake Yay","220,253,5","b_tangzhou_biyang"
"10038","136,81,19","Lake Tatta","172,224,46","b_tangzhou_fangcheng"
"10039","178,84,147","Lake Philomelion","141,67,3","b_tangzhou_biyang"
"10040","10,87,20","Lake Eber","53,139,126","b_dengzhou_rang"
"10041","52,90,148","Lake Akrotori","224,210,34","b_dengzhou_nanyang"
"10042","94,93,21","Lake Karalis","14,182,45","b_dengzhou_jutang"
"10043","136,96,149","Lake Polydorion","26,185,118","b_xiangzhou_xiangyang"
"10044","178,99,22","Lake Anaua","101,27,233","b_xiangzhou_lexiang"
"10045","10,102,150","Lake Salda","239,121,2","b_xiangzhou_gucheng"
"10046","52,105,23","Lake Yansli","185,132,113","b_junzhou_wudang"
"10047","94,108,151","Lake Kaunos","76,152,162","b_junzhou_xunxiang"
"10048","136,111,24","Lake Manyas","93,167,235","b_junzhou_fengli"
"10049","178,114,152","Lake Apolyont","192,104,252","b_jinzhou_pingli"
"10050","10,117,25","Lake Askania","207,54,26","b_jinzhou_shiquan"
"10051","52,120,153","Lake Sophange","253,41,211","b_something_shangluo"
"10052","94,123,26","Lake Trichonida","158,115,52","b_something_something"
"10053","136,126,154","Lake Yliki","34,182,91","b_something_qianyuan"
"10054","178,129,27","Buá¸¥ayrat al-Burullus","233,233,186","b_something_shangjin"
"10055","10,132,155","Buá¸¥ayrat al-Manzilah","119,234,75","b_guizhou_quanyi"
"10056","52,135,28","Waá¸¥et El Fayyum","90,136,19","b_guizhou_muhua"
"10057","94,138,156","Wadi El Rayan","255,18,14","b_guizhou_yongfu"
"10058","136,141,29","Lake Abijatta","218,37,226","b_guizhou_xiuren"
"10059","178,144,157","Gemeri Lake","103,125,49","b_yunzhou_yunzhong"
"10061","52,150,158","Lac LÃ©man","158,241,41","b_yunzhou_something"
"10062","94,153,31","Lac de NeuchÃ¢tel","30,243,199","b_yunzhou_xingtang"
"10063","136,156,159","Bodensee Obersee","53,149,240","b_yuzhou_lingqiu"
"10064","178,159,32","ZÃ¼richsee","148,197,209","b_shuozhou_mayi"
"10065","10,162,160","Luzernersee","104,70,215","b_shuozhou_shanyang"
"10066","52,165,33","LÃ¼nersee","59,66,252","b_lanzhou_hehe"
"10067","94,168,161","Ammersee","206,181,145","b_lanzhou_jingle"
"10068","136,171,34","Lago di Garda","227,87,72","b_lanzhou_yifang"
"10069","178,174,162","Lago Maggiore","123,204,158","b_shizhou_lishi"
"10070","10,177,35","Lago Trasimeno","16,44,116","b_shizhou_fangshan"
"10071","52,180,163","Lago di Bolsena","39,230,145","b_shizhou_linquan"
"10072","94,183,36","Lago di Bracciano","56,251,181","b_shizhou_dinghu"
"10073","136,186,164","Skadarsko jezero","172,75,89","b_taiyuanfu_taiyuan"
"10074","178,189,37","LÃ­mni OchrÃ­da","137,75,30","b_taiyuanfu_qingyuan"
"10075","10,192,165","LÃ­mni PrÃ©spa","145,114,58","b_taiyuanfu_leping"
"10076","52,195,38","LÃ­mni VegorÃ­tida","155,34,3","b_taiyuanfu_yu"
"10077","94,198,166","LÃ­mni KorÃ³neia","97,195,220","b_taiyuanfu_yangqu"
"10078","136,201,39","LÃ­mni VÃ³lvi","124,219,47","b_daizhou_fanchou"
"10079","178,204,167","Lake Balaton","62,89,4","b_daizhou_yanmen"
"10080","10,207,40","Lake FertÅ‘","213,192,61","b_xinzhou_xiurong"
"10081","52,210,168","RingkÃ¸bing Fjord","58,13,80","b_daizhou_tanglin"
"10082","94,0,41","Horsens Fjord","8,64,129","b_yizhou_yi"
"10083","136,3,169","Ise Fjord","221,36,163","b_yizhou_mancheng"
"10084","178,6,42","Szczecin Lagoon","165,87,191","b_dingzhou_wangdu"
"10085","10,9,170","DÄ…bie Lake","25,135,21","b_dingzhou_anxi"
"10086","52,12,43","Lake Miedwie","0,206,127","b_zhenzhou_zhending"
"10087","94,15,171","Lake MÃ¼ritz","49,236,128","b_zhaozhou_yuanshi"
"10088","136,18,44","PÃ¤ijÃ¤nne","77,187,158","b_lingzhou_huile"
"10089","178,21,172","Saimaa","244,155,100","b_lingzhou_dingyuan"
"10090","10,24,45","OulujÃ¤rvi","105,143,20","b_lingzhou_lingwu"
"10091","52,27,173","EÃºxeinos PÃ³ntos","234,86,74","b_weizhou_mingsha"
"10092","94,30,46","EÃºxeinos PÃ³ntos","84,227,12","b_yanzhou_baichi"
"10093","136,33,174","Kvarnerski Zaljev","74,137,248","b_yanzhou_wuyuan"
"10094","178,36,47","Narenta Zaljev","32,109,5","b_weizhou_wenchi"
"10095","10,39,175","Olafsvik","184,180,47","b_xiongzhou_changhua"
"10096","52,42,48","Klaustur","152,195,76","b_youzhou_yanen"
"10097","94,45,176","Hofn","183,106,251","b_youzhou_huaide"
"10098","136,48,49","Vopnafjordur","124,243,147","b_youzhou_guiren"
"10099","178,51,177","Assynt","249,68,156","b_xiazhou_shuofan"
"10100","10,54,50","Tain","129,241,24","b_xiazhou_dejing"
"10101","52,57,178","Applecross","252,166,142","b_xiazhou_ningshuo"
"10102","94,60,51","Glenelg","28,74,146","b_linzhou_xintai"
"10103","136,63,179","Urquhart","150,24,138","b_linzhou_yincheng"
"10104","178,66,52","Wigton","180,38,184","b_yinzhou_kaiguang"
"10105","10,69,180","Dungannon","107,151,183","b_yinzhou_zhenxiang"
"10106","52,72,53","Bangor","118,226,236","b_yinzhou_rulin"
"10107","94,75,181","Clogher","66,99,104","b_suizhou_longquan"
"10108","136,78,54","Killala","201,72,235","b_shengzhou_hebin"
"10109","178,81,182","Cruachu","211,101,173","b_shengzhou_yulin"
"10110","10,84,55","Tuam","212,155,254","b_fengzhou_something"
"10111","52,87,183","Da_Chainoc","2,94,65","b_xiaoguan_xiaoguan"
"10112","94,90,56","Adragh","159,97,17","b_xiaoguan_huaide"
"10113","136,93,184","Kincora","14,207,49","b_yuanzhou_pinggao"
"10114","178,96,57","Kilmallock","96,152,182","b_yuanzhou_pingliang"
"10115","10,99,185","Uddevalla","41,198,140","b_yuanzhou_baiquan"
"10116","52,102,58","Ski","3,74,246","b_huanzhou_fangqu"
"10117","94,105,186","Stange","64,137,58","b_huanzhou_huai_an"
"10118","136,108,59","Ume","130,63,117","b_huanzhou_luoyuan"
"10119","178,111,187","Vettanen","53,220,91","b_qingzhou_an_hua"
"10120","10,114,60","Ylikainuu","167,202,206","b_qingzhou_tongchuan"
"10121","52,117,188","Kangos","186,72,83","b_tongzhou_huachi"
"10122","94,120,61","Roavvenjarga","22,6,132","b_something_ding_an"
"10123","136,123,189","Kuusama","218,219,60","b_something_pengyuan"
"10124","178,126,62","Suenekele","181,113,71","b_binzhou_xinping"
"10125","10,129,190","Santhia","98,203,24","b_binzhou_sanshui"
"10126","52,132,63","Mondovi","226,71,167","b_jingzhou_baoding"
"10127","94,135,191","Tirano","192,9,200","b_jingzhou_linjing"
"10128","136,138,64","Malamacco","227,108,241","b_jingzhou_lintai"
"10129","178,141,192","Tropea","213,16,7","b_longzhou_qianyuan"
"10130","10,144,65","Belvedere","161,141,33","b_longzhou_huating"
"10131","52,147,193","Siberia2","215,207,99","b_longzhou_wushan"
"10132","94,150,66","Siberia3","16,27,199","b_fengxiang_tianxing"
"10133","136,153,194","Siberia4","239,174,70","b_fengxiang_purun"
"10135","10,159,195","Siberia5","6,123,164","b_fuzhou_luojiao"
"10136","52,162,68","Siberia6","161,251,115","b_fuzhou_luochuan"
"10140","10,174,70","Siberia7","13,249,23","b_fanzhou_shengping"
"10141","52,177,198","Siberia8","60,36,156","b_yanzhou_fushi"
"10142","94,180,71","Siberia9","49,199,43","b_yanzhou_yanchuan"
"10143","136,183,199","Siberia10","81,159,113","b_yanzhou_fuzheng"
"10144","178,186,72","Siberia11","92,101,186","b_yanzhou_yanchang"
"10145","10,189,200","Siberia12","169,52,123","b_yaozhou_meiyuan"
"10146","52,192,73","Alaghaila","105,252,40","b_yanzhou_huayan"
"10147","94,195,201","Iksile","120,93,242","b_yanzhou_yunyang"
"10148","136,198,74","Loule","191,219,145","b_jingzhao_hu"
"10149","178,201,202","Aljezur","245,2,26","b_jingzhao_lantian"
"10150","10,204,75","Aljustrel","146,16,29","b_jingzhao_yueyang"
"10151","52,207,203","Odemira","135,92,0","b_jingzhao_haozhi"
"10152","94,210,76","Grandola","126,40,79","b_tongzhou_baishui"
"10153","136,0,204","Mafra","232,30,83","b_tongzhou_heyang"
"10154","178,3,77","Lourinha","139,193,70","b_danzhou_yichuan"
"10155","10,6,205","Bosco","231,96,17","b_danzhou_menshan"
"10156","52,9,78","ImpassableArea1","26,146,102","b_zezhou_jincheng"
"10157","94,12,206","ImpassableArea2","180,82,227","b_zezhou_qishui"
"10158","136,15,79","ImpassableArea3","58,200,89","b_zezhou_lingchun"
"10159","178,18,207","ImpassableArea4","161,163,46","b_huaizhou_henei"
"10160","10,21,80","ImpassableArea5","212,252,186","b_luzhou_huguan"
"10161","52,24,208","ImpassableArea6","217,28,58","b_luzhou_tunliu"
"10162","94,27,81","ImpassableArea7","79,190,44","b_luzhou_she"
"10163","136,30,209","Bahar al-Qulzum","72,52,197","b_yizhou_liaoshan"
"10164","178,33,82","KalÄ«j DÅ«njÅ«nÄb","251,140,157","b_yizhou_heshun"
"10165","10,36,210","KalÄ«j 'Anfil","80,95,160","b_yizhou_yushe"
"10166","52,39,83","KalÄ«j Dahlik","39,51,88",""
"10167","94,42,211","sea_persian_gulf","69,49,116","b_qinzhou_qinyuan"
"10168","136,45,84","sea_persian_gulf","186,214,125","b_qinzhou_mianshang"
"10169","178,48,212","sea_persian_gulf","249,180,155","b_fenzhou_xihe"
"10170","10,51,85","sea_persian_oman","88,62,53","b_fenzhou_pingyao"
"10171","52,54,213","KilikÃ­a","99,84,236","b_jinzhou_jishi"
"10172","94,57,86","sea_crete","128,240,140","b_jinzhou_fenxi"
"10173","136,60,214","sea_ionia","44,230,84","b_xizhou_xichuan"
"10174","178,63,87","sea_ionia","169,223,1","b_xizhou_shilou"
"10175","10,66,215","sea_libya","209,31,10","b_xizhou_wenquan"
"10176","52,69,88","Golfu di Catania","104,148,29","b_xizhou_pu"
"10177","94,72,216","Thrakiko Pelagos","205,22,114","b_xizhou_daning"
"10178","136,75,89","ThermaÃ¯kÃ³s KÃ³lpos","161,230,120","b_mingzhou_pingen"
"10179","178,78,217","EvvoÃ¯kÃ³s KÃ³lpos","155,123,242","b_cizhou_wuan"
"10180","10,81,90","Kolpos Petalion","139,26,202","b_cizhou_fuyang"
"10181","52,84,218","SaronikÃ³s KÃ³lpos","251,12,244","b_cizhou_yong"
"10182","94,87,91","ArgolikÃ³s KÃ³lpos","156,212,189","b_xingzhou_longgang"
"10183","136,90,219","ImpassableArea8","37,76,254","b_xingzhou_julu"
"10184","178,93,92","Uncastillo","152,172,118","b_zhaozhou_pingji"
"10185","10,96,220","Agramunt","32,239,62","b_zhaozhou_yuanshi"
"10187","94,102,221","Balkans2","212,190,82","b_zhenzhou_zhending"
"10188","136,105,94","Balkans3","188,11,44","b_nazhou_nazhou"
"10189","178,108,222","Balkans4","77,133,213","b_shuangchengzhou"
"10190","10,111,95","Balkans5","195,64,100","b_siyuanzhou_ziyuanzhou"
"10191","52,114,223","Iberia1","204,188,210","b_mingzhou_mingzhou"
"10192","94,117,96","Asia1","85,227,108","b_qingzhou_qingzhou"
"10193","136,120,224","Asia2","20,38,58","b_something_zangke_long"
"10194","178,123,97","Asia3","27,252,32","b_nanpingzhou_nanpingzhou"
"10195","10,126,225","Asia4","84,242,241","b_luogong_luogong"
"10196","52,129,98","Asia5","79,255,195","b_bangzhou_bangzhou"
"10197","94,132,226","Asia6","26,167,68","b_poyan_tribe"
"10198","136,135,99","Asia7","130,86,115","b_wudeng_tribe"
"10199","178,138,227","Asia8","134,39,220","b_nuozuo_nuozuo"
"10200","10,141,0","Asia9","209,237,112","b_quzhou_quzhou"
"10201","52,144,128","Asia10","38,125,61","b_shama_tribe"
"10202","94,147,1","Asia11","210,139,115","b_nanzhou_nanzhou"
"10205","10,156,130","Impassable1","171,71,28","b_nengzhou_nengzhou"
"10206","52,159,3","Impassable3","173,166,120","b_shunzhou_shunzhou"
"10207","94,162,131","","185,89,73","b_yuzhou_bishan"
"10209","178,168,132","","82,175,204","b_yuzhou_jiangjin"
"10210","10,171,5","","201,252,32","b_yaochuan_yaochuan"
"10211","52,174,133","","113,178,135","b_yuannanzhou_yuannanzhou"
"10212","94,177,6","","76,125,18","b_lizhou_hanyuan"
"10213","136,180,134","","19,181,26","b_lizhou_tongwang"
"10214","178,183,7","","162,97,250","b_yazhou_mingshan"
"10215","10,186,135","","8,164,201","b_yazhou_rongjing"
"10216","52,189,8","","41,105,252","b_chengdu_chengdu"
"10217","94,192,136","","167,122,159","b_chengdu_lingchi"
"10218","136,195,9","","222,14,198","b_chengdu_shuangliu"
"10219","178,198,137","","253,145,226","b_pengzhou_jiulong"
"10220","10,201,10","","45,161,137","b_siqiongzhou_yuexi"
"10221","52,204,138","","94,95,54","b_jiazhou_longyou"
"10222","94,207,11","","252,36,248","b_jiazhou_qianwei"
"10223","136,210,139","","36,237,38","b_jiazhou_suishan"
"10224","178,0,12","","59,164,217","b_meizhou_danling"
"10225","10,3,140","","255,64,69","b_meizhou_hongya"
"10226","52,6,13","","111,153,48","b_rongzhou_bodao"
"10227","94,9,141","","179,32,139","b_rongzhou_yibin"
"10228","136,12,14","","145,24,76",""
"10229","178,15,142","","141,98,107","b_huizhou_huizhou"
"10230","10,18,15","","21,80,132","b_puningzhou_puningzhou"
"10231","52,21,143","","63,44,14","b_yanzhou_changle"
"10232","94,24,16","","11,222,127","b_baizhou_bobai"
"10233","136,27,144","","167,77,136","b_shunzhou_longhua"
"10234","178,30,17","","230,132,130","b_yulinzhou_yulin"
"10235","10,33,145","","98,75,245","b_yuzhou_eshi"
"10236","52,36,18","Qattara","49,10,120","b_douzhou_xinyi"
"10237","94,39,146","Siwa_corridor","215,143,20","b_yizhou_puning"
"10238","136,42,19","Garnich","208,176,241","b_yizhou_cenxi"
"10239","178,45,147","Arlon","88,202,67","b_guzhou_legu"
"10240","10,48,20","Messancy","36,51,125","b_guzhou_lexing"
"10241","52,51,148","Paliseul","48,201,222","b_guzhou_gushu"
"10242","94,54,21","Avesnes","93,35,58","b_rongzhou_wuyang"
"10243","136,57,149","Chastel","206,21,3","b_rongzhou_something"
"10244","178,60,22","Mortagne","77,110,178","b_liuzhou_maping"
"10245","10,63,150","Azincourt","170,211,171","b_liuzhou_luorong"
"10246","52,66,23","Douai","1,105,16","b_liuzhou_langcangdong"
"10247","94,69,151","Bapaume","10,156,192","b_xiangzhou_yangshou"
"10248","136,72,24","Deveren","68,159,81","b_xiangzhou_wuxian"
"10249","178,75,152","Hazebroek","92,197,0","b_shouzhou_shouchun"
"10250","10,78,25","Toerkonje","32,31,190","b_shouzhou_huoqiu"
"10251","52,81,153","Wervik","111,66,131","b_shouzhou_shengtang"
"10252","94,84,26","Kassel","194,207,188","b_shuozhou_huoshan"
"10253","136,87,154","Poperinge","1,35,251","b_guangzhou_gushi"
"10254","178,90,27","Diksmuide","139,232,129","b_guangzhou_yincheng"
"10255","10,93,155","Leuze","175,216,102","b_guangzhou_guangshan"
"10256","52,96,28","Tielt","102,81,220","b_guangzhou_dingcheng"
"10257","94,99,156","Deinze","133,164,180","b_guozhou_hongnong"
"10258","136,102,29","Sint-Niklaas","65,220,13","b_guozhou_lushi"
"10259","178,105,157","Waregem","177,5,179","b_xiazhou_xia"
"10260","10,108,30","Oudenaarde","33,87,15","b_shaowu_shaowu"
"10261","52,111,158","Geraardsbergen","9,49,226","b_shaowu_luxi"
"10262","94,114,31","Dendermonde","93,119,232","b_shaowu_taining"
"10263","136,117,159","Aalst","63,185,195","b_shaowu_jianning"
"10264","178,120,32","Asse","242,238,104","b_wuzhou_jiangi"
"10265","10,123,160","Londerzeel","131,52,106","b_chengzhou_tonggu"
"10266","52,126,33","Mechelen","231,22,174","b_chengzhou_changdao"
"10267","94,129,161","Lier","252,99,199","b_fengzhou_liangquan"
"10268","136,132,34","Hoogstraten","72,137,241","b_fengzhou_hechi"
"10269","178,135,162","Goes","225,53,239","b_xingzhou_shunzheng"
"10270","10,138,35","ZIERIKZEE","99,241,132","b_quzhou_xinan"
"10271","52,141,163","Geertruidenberg","152,194,127","b_xinzhou_yushan"
"10272","94,144,36","Woudrichem","252,82,244","b_hezhou_linhe"
"10273","136,147,164","Halle","136,26,131","b_hezhou_fuchuan"
"10274","178,150,37","Soignies","37,25,237","b_wuzhou_cangwu"
"10275","10,153,165","Nijvel","154,118,253","b_wuzhou_mengling"
"10276","52,156,38","Florennes","122,193,156","b_zhaozhou_pingle"
"10277","94,159,166","Dinant","196,105,53","b_fuzhou_longping"
"10278","136,162,39","Rochefort","147,216,127","b_fuzhou_majiang"
"10279","178,165,167","Andenne","255,66,139","b_sishunzhou_cuo_e"
"10280","10,168,40","Durbuy","237,117,50","b_guienzhou_silong"
"10281","52,171,168","FerriÃ¨re","200,158,25","b_zhixinzhou_leyan"
"10282","94,174,41","Stavelot","143,80,57","b_zhixinzhou_xincheng"
"10283","136,177,169","Malmedy","117,125,241","b_wenzhou_wenzhou"
"10284","178,180,42","Sankt Vith","221,130,249","b_zizhou_zizhou"
"10285","10,183,170","Eupen","207,210,98","b_shukunzhou"
"10286","52,186,43","VERVIERS","54,15,51","b_ezhou_ezhou"
"10287","94,189,171","Waremme","142,31,131","b_houzhou_houzhou"
"10288","136,192,44","Geldenaken","15,1,168","b_zangke_long_tribe"
"10289","178,195,172","Heerlen","137,62,65","b_shiniu_shiniu"
"10290","10,198,45","Tongeren","174,93,179","b_duoli_duoli"
"10291","52,201,173","Loon","129,125,152","b_taizhou_linhai"
"10292","94,204,46","Sint-Truiden","101,207,218","b_wenzhou_hengyang"
"10293","136,207,174","Leeuw","83,34,249","b_guangzhou_dongguan"
"10294","178,210,47","Tienen","114,147,96","b_guangzhou_xinhui"
"10295","10,0,175","Aarschot","55,147,113","b_guangzhou_yining"
"10296","52,3,48","Diest","166,92,241","b_dongguan_tunmen"
"10297","94,6,176","Hasselt","88,24,195","b_dongguan_bao_an"
"10298","136,9,49","Bree","153,53,144","b_cangzhou_lucheng"
"10299","178,12,177","Hoorn","6,208,47","b_cangzhou_wudi"
"10300","10,15,50","Roermond","228,128,31","b_dezhou_ande"
"10301","52,18,178","Venlo","195,212,196","b_dezhou_anling"
"10302","94,21,51","Venray","227,137,154","b_dizhou_bohai"
"10303","136,24,179","Deurne","198,70,185","b_jiangzhou_yuan"
"10304","178,27,52","Weert","125,93,150","b_jiangzhou_jiang"
"10305","10,30,180","Arendonk","236,86,115","b_cizhou_luxiang"
"10306","52,33,53","Grave","55,194,134","b_cizhou_wencheng"
"10307","94,36,181","Sint-Oedenrode","96,100,14","b_jiangzhou_longmen"
"10308","136,39,54","Den Bosch","58,156,2","b_jiangzhou_zhengping"
"10309","178,42,182","Den Haag","251,238,111","b_xiazhou_xia"
"10310","10,45,55","Ouderkerk","249,193,43","b_jizhou_tangyang"
"10311","52,48,183","Naarden","94,221,120","b_jizhou_fucheng"
"10312","94,51,56","Woerden","198,151,204","b_shenzhou_luze"
"10313","136,54,184","Baarn","70,72,125","b_shenzhou_lucheng"
"10314","178,57,57","Leerdam","244,168,99","b_zhenzhou_gu"
"10315","10,60,185","DORESTAD","38,21,5","b_zhaozhou_pingji"
"10316","52,63,58","Barneveld","98,241,109","b_mingzhou_yan"
"10317","94,66,186","Elburg","217,68,154","b_weizhou_cicheng"
"10318","136,69,59","Deventer","69,237,72","b_baoningzhou_baoning"
"10319","178,72,187","Doetinchem","161,7,245","b_qianzhou_zhaowu"
"10320","10,75,60","Heist-op-den-Berg","70,16,230","b_lingchuanzhou_lingchuan"
"10321","52,78,188","Emmerik","66,214,238","b_xunzhou_ehe"
"10551","77,83,146","sea_tana_delta","20,77,75","Kikuchi"
"10554","215,137,200","Bay of Bengal","52,166,171","Amakusa"
"10817","240,130,169","Cham Sea","229,170,156","Champassak"
"11512","239,102,218","Mountains","63,15,240","IMPASSABLE Changbai mountains west"
"12916","16,37,29","Hezhou","50,6,6","kyushu_mountains"
"13035","27,110,152","Kohima","141,85,1","b_something_xiangyuan_east"
