"root","barony","old_source_id","final_new_id","status"
"e_andong","b_Liao_Shangjing","11828","11828","rewritten"
"e_andong","b_Liao_Bozhou","11827","11827","rewritten"
"e_andong","b_FIC_Liao_Daguokuishan","11818","11818","rewritten"
"e_andong","b_FIC_Liao_Mudanjiang","11825","11825","rewritten"
"e_andong","b_FIC_Liao_Qingquan","11853","11853","rewritten"
"e_andong","b_Liao_Zhongjing","11834","11834","rewritten"
"e_andong","b_Liao_Tangzhou2","11824","11824","rewritten"
"e_andong","b_FIC_Liao_Nansuan","11822","11822","rewritten"
"e_andong","b_FIC_Liao_Erdaojiang","11823","11823","rewritten"
"e_andong","b_FIC_Liao_Helong","11839","11839","rewritten"
"e_andong","b_Liao_Xingzhou","11838","11838","rewritten"
"e_andong","b_FIC_Liao_Yanji","11832","11832","rewritten"
"e_andong","b_Liao_Luzhou","11833","11833","rewritten"
"e_andong","b_Liao_Tongzhou2","11830","11830","rewritten"
"e_andong","b_FIC_Liao_Tongan","11852","11852","rewritten"
"e_andong","b_Liao_Sushen","11829","11829","rewritten"
"e_andong","b_Liao_Yingzhou","11817","11817","rewritten"
"e_andong","b_FIC_Liao_Yingan","11826","11826","rewritten"
"e_andong","b_Liao_Mozhou","11813","11813","rewritten"
"e_andong","b_Liao_Gaozhou2","11814","11814","rewritten"
"e_andong","b_FIC_Liao_Nanmoan","11929","11929","rewritten"
"e_andong","b_FIC_Liao_Longfengshan","11819","11819","rewritten"
"e_andong","b_Liao_Ningjiang","11812","11812","rewritten"
"e_andong","b_FIC_Liao_Moedu","11810","11810","rewritten"
"e_andong","b_FIC_Liao_Ximoan","11811","11811","rewritten"
"e_andong","b_Liao_Suzhou2","11821","11821","rewritten"
"e_andong","b_FIC_Liao_Suping","11820","11820","rewritten"
"e_andong","b_Liao_Yongji","11747","11747","rewritten"
"e_andong","b_Liao_Changchun2","11746","11746","rewritten"
"e_andong","b_Liao_Weizhou","11743","11743","rewritten"
"e_andong","b_Liao_Binzhou","11745","11745","rewritten"
"e_andong","b_Liao_Xiangzhou","11744","11744","rewritten"
"e_andong","b_Liao_Fuzhou2","11779","11779","rewritten"
"e_andong","b_Liao_Suzhou","11777","11777","rewritten"
"e_andong","b_Liao_Tonghua","11778","11778","rewritten"
"e_andong","b_Liao_Xianzhou2","11780","11780","rewritten"
"e_andong","b_Liao_Yizhou","11736","11736","rewritten"
"e_andong","b_Liao_Fengzhou3","11741","11741","rewritten"
"e_andong","b_Liao_Jizhou","11742","11742","rewritten"
"e_andong","b_Liao_Xinzhou","11752","11752","rewritten"
"e_andong","b_FIC_Liao_Fuyunan","11749","11749","rewritten"
"e_andong","b_Liao_Xijing","11806","11806","rewritten"
"e_andong","b_Liao_Luzhou2","11840","11840","rewritten"
"e_andong","b_Liao_Fusong","11835","11835","rewritten"
"e_andong","b_FIC_Liao_Changbaishan","11836","11836","rewritten"
"e_andong","b_FIC_Liao_Tianchi","11837","11837","rewritten"
"e_andong","b_Liao_Zhengzhou","11802","11802","rewritten"
"e_andong","b_Liao_Kuandianzi","11801","11801","rewritten"
"e_andong","b_Liao_Huanzhou","11805","11805","rewritten"
"e_andong","b_FIC_Liao_Yaluan","11807","11807","rewritten"
"e_andong","b_Liao_Changling","11809","11809","rewritten"
"e_andong","b_FIC_Liao_Quliuan","11748","11748","rewritten"
"e_andong","b_FIC_Liao_Beichang","11750","11750","rewritten"
"e_andong","b_Liao_Hezhou","11808","11808","rewritten"
"e_andong","b_FIC_Liao_Hongfucun","11751","11751","rewritten"
"e_andong","b_FIC_Liao_Baichang","11804","11804","rewritten"
"e_andong","b_Liao_Nanjing","11842","11842","rewritten"
"e_andong","b_Liao_Tianqing","11841","11841","rewritten"
"e_andong","b_FIC_Liao_Nanhaikou","11843","11843","rewritten"
"e_andong","b_Liao_Fengzhou4","11844","11844","rewritten"
"e_andong","b_FIC_Liao_Nandongkou","11845","11845","rewritten"
"e_andong","b_Liao_Dongjing","11848","11848","rewritten"
"e_andong","b_Liao_Helan","11846","11846","rewritten"
"e_andong","b_Liao_Wanhaifu","11847","11847","rewritten"
"e_andong","b_Liao_Lungyuanfu","11849","11849","rewritten"
"e_andong","b_FIC_Liao_Huanghekou","11850","11850","rewritten"
"e_andong","b_FIC_Liao_Tumen","11831","11831","rewritten"
"e_andong","b_Liao_Shenyang","11785","11785","rewritten"
"e_andong","b_Liao_Tangzhou","11784","11784","rewritten"
"e_andong","b_Liao_Liaoyang","11786","11786","rewritten"
"e_andong","b_Liao_Haizhou","11787","11787","rewritten"
"e_andong","b_Liao_Yaozhou","11788","11788","rewritten"
"e_andong","b_Liao_Yinzhou","11782","11782","rewritten"
"e_andong","b_Liao_Qizhou","11781","11781","rewritten"
"e_andong","b_Liao_Guangzhou","11783","11783","rewritten"
"e_andong","b_FIC_Liao_Huangcaocun","11803","11803","rewritten"
"e_andong","b_Liao_Zhenzhou","11790","11790","rewritten"
"e_andong","b_Liao_Fuping","11791","11791","rewritten"
"e_andong","b_Liao_Suning","11792","11792","rewritten"
"e_andong","b_FIC_Liao_Biliujiang","11793","11793","rewritten"
"e_andong","b_Liao_Diezhou","11794","11794","rewritten"
"e_andong","b_Liao_Tongzhou","11789","11789","rewritten"
"e_andong","b_Liao_Kaizhou","11795","11795","rewritten"
"e_andong","b_Liao_Dandong","11796","11796","rewritten"
"e_andong","b_Liao_Guidezhou","11799","11799","rewritten"
"e_andong","b_Liao_Xiyuan","11798","11798","rewritten"
"e_andong","b_Liao_Fengcheng","11800","11800","rewritten"
"e_andong","b_FIC_Liao_Shaozijiang","11797","11797","rewritten"
"e_andong","b_FIC_Amur_Jiahuangtou","11638","11638","rewritten"
"e_andong","b_FIC_Amur_Caoqiu","11639","11639","rewritten"
"e_andong","b_FIC_Amur_Ganheyang","11637","11637","rewritten"
"e_andong","b_FIC_Amur_Xinener","11640","11640","rewritten"
"e_andong","b_FIC_Amur_Xinganling","11641","11641","rewritten"
"e_andong","b_FIC_Amur_Zhongnenjiang","11647","11647","rewritten"
"e_andong","b_FIC_Amur_Baihetudi","11646","11646","rewritten"
"e_andong","b_FIC_Amur_Jindiaotudi","11645","11645","rewritten"
"e_andong","b_FIC_Amur_Bailangtudi","11644","11644","rewritten"
"e_andong","b_FIC_Amur_Xianbeishan","11642","11642","rewritten"
"e_andong","b_FIC_Amur_Gaocaoer","11643","11643","rewritten"
"e_andong","b_FIC_Amur_Jialuotuo","11650","11650","rewritten"
"e_andong","b_FIC_Amur_Jinshujiang","11649","11649","rewritten"
"e_andong","b_FIC_Amur_Yalujiang","11648","11648","rewritten"
"e_andong","b_FIC_Amur_Nendadu","11651","11651","rewritten"
"e_andong","b_FIC_Amur_Jialingxi","11631","11631","rewritten"
"e_andong","b_FIC_Amur_Yuancao","11629","11629","rewritten"
"e_andong","b_FIC_Amur_Hurka","11630","11630","rewritten"
"e_andong","b_FIC_Amur_Beihelin","11627","11627","rewritten"
"e_andong","b_FIC_Amur_Humari","11628","11628","rewritten"
"e_andong","b_FIC_Mong_Banouhe","11610","11610","rewritten"
"e_andong","b_FIC_Amur_Jiapowo","11632","11632","rewritten"
"e_andong","b_FIC_Amur_Iskenhe","11633","11633","rewritten"
"e_andong","b_FIC_Amur_Ganyijiang","11634","11634","rewritten"
"e_andong","b_FIC_Amur_Ganhejiang","11635","11635","rewritten"
"e_andong","b_Jiqin_Hari","11657","11657","rewritten"
"e_andong","b_FIC_Amur_Jiaruzhe","11658","11658","rewritten"
"e_andong","b_FIC_Amur_Xuduohubo","11659","11659","rewritten"
"e_andong","b_FIC_Amur_Nenshidi","11667","11667","rewritten"
"e_andong","b_FIC_Amur_Ruzhejiang","11661","11661","rewritten"
"e_andong","b_FIC_Amur_Dalukou","11660","11660","rewritten"
"e_andong","b_FIC_Amur_Heyucun","11662","11662","rewritten"
"e_andong","b_FIC_Amur_Fanlinan","11665","11665","rewritten"
"e_andong","b_FIC_Amur_Pilutidu","11663","11663","rewritten"
"e_andong","b_FIC_Amur_Nenshuide","11666","11666","rewritten"
"e_andong","b_Amur_Puyu","11671","11671","rewritten"
"e_andong","b_FIC_Amur_Xipuyu","11670","11670","rewritten"
"e_andong","b_FIC_Amur_Fulunshan","11672","11672","rewritten"
"e_andong","b_FIC_Amur_Yemaotudi","11673","11673","rewritten"
"e_andong","b_Amur_Mergen","11680","11680","rewritten"
"e_andong","b_FIC_Amur_Xijiadamo","11678","11678","rewritten"
"e_andong","b_FIC_Amur_Xiaoqiu","11679","11679","rewritten"
"e_andong","b_FIC_Amur_Luhean","11677","11677","rewritten"
"e_andong","b_FIC_Amur_Jiashanbei","11682","11682","rewritten"
"e_andong","b_FIC_Amur_Dongweian","11681","11681","rewritten"
"e_andong","b_FIC_Amur_Nemorjiang","11668","11668","rewritten"
"e_andong","b_FIC_Amur_Jinshuhe","11669","11669","rewritten"
"e_andong","b_FIC_Amur_Heisenlin","11674","11674","rewritten"
"e_andong","b_FIC_Amur_Linyuan","11675","11675","rewritten"
"e_andong","b_FIC_Amur_Yuanlin","11676","11676","rewritten"
"e_andong","b_Amur_Suihua","11690","11690","rewritten"
"e_andong","b_FIC_Amur_Lindu","11689","11689","rewritten"
"e_andong","b_FIC_Amur_Yingcao","11698","11698","rewritten"
"e_andong","b_FIC_Amur_Yingsenlin","11684","11684","rewritten"
"e_andong","b_FIC_Amur_Heilonglin","11688","11688","rewritten"
"e_andong","b_FIC_Amur_Longcaoan","11687","11687","rewritten"
"e_andong","b_FIC_Amur_Lupingyuan","11683","11683","rewritten"
"e_andong","b_FIC_Amur_Yemantudi","11685","11685","rewritten"
"e_andong","b_FIC_Amur_Yerencao","11686","11686","rewritten"
"e_andong","b_FIC_Amur_Fancao","11699","11699","rewritten"
"e_andong","b_FIC_Amur_Erliuyu","11700","11700","rewritten"
"e_andong","b_FIC_Amur_Cangcao","11701","11701","rewritten"
"e_andong","b_FIC_Amur_Gonghejiang","11702","11702","rewritten"
"e_andong","b_FIC_Amur_Dasenlin","11664","11664","rewritten"
"e_andong","b_FIC_Mong_Zuunbuir","11570","11570","rewritten"
"e_andong","b_FIC_Mong_Xisaiyin","11571","11571","rewritten"
"e_andong","b_FIC_Mong_Beiheisha","11577","11577","rewritten"
"e_andong","b_FIC_Mong_Nanchezi","11576","11576","rewritten"
"e_andong","b_FIC_Mong_Jiasaihe","11572","11572","rewritten"
"e_andong","b_FIC_Mong_Dongheisha","11573","11573","rewritten"
"e_andong","b_FIC_Mong_Chezier","11574","11574","rewritten"
"e_andong","b_FIC_Mong_Kharulagai","11575","11575","rewritten"
"e_andong","b_FIC_Mong_Oyuhulun","11623","11623","rewritten"
"e_andong","b_FIC_Mong_Khailangol","11624","11624","rewritten"
"e_andong","b_FIC_Mong_Kharbuir","11625","11625","rewritten"
"e_andong","b_FIC_Mong_Khalkagol","11626","11626","rewritten"
"e_andong","b_Liao_Wuzhou","11724","11724","rewritten"
"e_andong","b_FIC_Liao_Liquan","11723","11723","rewritten"
"e_andong","b_FIC_Liao_Wuluan","11722","11722","rewritten"
"e_andong","b_FIC_Amur_Shangwulu","11656","11656","rewritten"
"e_andong","b_Mong_Pibeihe","11622","11622","rewritten"
"e_andong","b_FIC_Mong_Genhegol","11620","11620","rewritten"
"e_andong","b_FIC_Mong_Olanuur","11621","11621","rewritten"
"e_andong","b_FIC_Mong_Banukhol","11609","11609","rewritten"
"e_andong","b_FIC_Mong_Kamaraekh","11611","11611","rewritten"
"e_andong","b_FIC_Mong_Ilkuriuul","11612","11612","rewritten"
"e_andong","b_FIC_Mong_Xiailehuli","11613","11613","rewritten"
"e_andong","b_FIC_Mong_Huraalin","11608","11608","rewritten"
"e_andong","b_FIC_Mong_Oyuulvzar","11606","11606","rewritten"
"e_andong","b_FIC_Mong_Emurgol","11607","11607","rewritten"
"e_andong","b_FIC_Mong_Telburgol","11619","11619","rewritten"
"e_andong","b_FIC_Mong_Gangoluul","11617","11617","rewritten"
"e_andong","b_FIC_Mong_Nyurgol","11618","11618","rewritten"
"e_andong","b_FIC_Mong_Hailargol","11616","11616","rewritten"
"e_andong","b_FIC_Mong_Gaoxuanya","11614","11614","rewritten"
"e_andong","b_FIC_Mong_Hailarekh","11615","11615","rewritten"
"e_andong","b_Liao_Linhuang","11709","11709","rewritten"
"e_andong","b_Liao_Huaizhou","11708","11708","rewritten"
"e_andong","b_Liao_Songzhanzhou","11710","11710","rewritten"
"e_andong","b_Liao_Zuzhou","11711","11711","rewritten"
"e_andong","b_Liao_Yungzhou","11717","11717","rewritten"
"e_andong","b_Liao_Raozhou","11712","11712","rewritten"
"e_andong","b_Liao_Qingzhou","11707","11707","rewritten"
"e_andong","b_FIC_Liao_Xilin","11706","11706","rewritten"
"e_andong","b_FIC_Liao_Ulanulagai","11703","11703","rewritten"
"e_andong","b_FIC_Liao_Ulanuer","11704","11704","rewritten"
"e_andong","b_FIC_Liao_Charnoer","11705","11705","rewritten"
"e_andong","b_Liao_Longhuazhou","11756","11756","rewritten"
"e_andong","b_Liao_Jiangshengzhou","11755","11755","rewritten"
"e_andong","b_FIC_Liao_Huopingan","11728","11728","rewritten"
"e_andong","b_FIC_Liao_Matudi","11725","11725","rewritten"
"e_andong","b_FIC_Liao_Baicaoer","11726","11726","rewritten"
"e_andong","b_FIC_Liao_Caoyuanan","11727","11727","rewritten"
"e_andong","b_FIC_Liao_Dalinuor","11713","11713","rewritten"
"e_andong","b_FIC_Liao_Hongdali","11714","11714","rewritten"
"e_andong","b_Liao_Wuzhou2","11769","11769","rewritten"
"e_andong","b_Liao_Weizhou2","11767","11767","rewritten"
"e_andong","b_Liao_Fuzhou","11768","11768","rewritten"
"e_andong","b_Liao_Yuanzhou","11770","11770","rewritten"
"e_andong","b_Liao_Yizhou2","11757","11757","rewritten"
"e_andong","b_Amur_Taizhou","11654","11654","rewritten"
"e_andong","b_FIC_Amur_Jianali","11652","11652","rewritten"
"e_andong","b_FIC_Amur_Nalidu","11653","11653","rewritten"
"e_andong","b_FIC_Amur_Hongan","11655","11655","rewritten"
"e_andong","b_Liao_Ningzhou","11733","11733","rewritten"
"e_andong","b_Liao_Fengzhou2","11732","11732","rewritten"
"e_andong","b_Liao_Taonan","11731","11731","rewritten"
"e_andong","b_Liao_Chunzhou","11734","11734","rewritten"
"e_andong","b_Liao_Changchun","11735","11735","rewritten"
"e_andong","b_FIC_Liao_Yumitudi","11737","11737","rewritten"
"e_andong","b_FIC_Liao_Heihorqin","11738","11738","rewritten"
"e_andong","b_FIC_Liao_Shuangliao","11740","11740","rewritten"
"e_andong","b_FIC_Liao_Horqin","11739","11739","rewritten"
"e_andong","b_FIC_Liao_Bayintailai","11729","11729","rewritten"
"e_andong","b_FIC_Liao_Zhanyu","11730","11730","rewritten"
"e_andong","b_EMan_Yizhou","11870","11870","rewritten"
"e_andong","b_FIC_EMan_Beidongan","11869","11869","rewritten"
"e_andong","b_FIC_EMan_Heihubo","11862","11862","rewritten"
"e_andong","b_EMan_Jixi","11871","11871","rewritten"
"e_andong","b_FIC_EMan_Dongxian","11872","11872","rewritten"
"e_andong","b_FIC_EMan_Dongying","11856","11856","rewritten"
"e_andong","b_Liao_Delizhen","11816","11816","rewritten"
"e_andong","b_FIC_Liao_Xitielian","11815","11815","rewritten"
"e_andong","b_FIC_EMan_Zhongtieli","11855","11855","rewritten"
"e_andong","b_EMan_Huligai","11854","11854","rewritten"
"e_andong","b_FIC_EMan_Hulilusean","11857","11857","rewritten"
"e_andong","b_FIC_EMan_Qiligashan","11861","11861","rewritten"
"e_andong","b_FIC_Amur_Dahedu","11696","11696","rewritten"
"e_andong","b_FIC_Amur_Henghetieli","11697","11697","rewritten"
"e_andong","b_Amur_Dazhou","11695","11695","rewritten"
"e_andong","b_FIC_Amur_Haixidu","11692","11692","rewritten"
"e_andong","b_FIC_Amur_Helincun","11694","11694","rewritten"
"e_andong","b_FIC_Amur_Ilanshan","11691","11691","rewritten"
"e_andong","b_FIC_Amur_Senlincun","11693","11693","rewritten"
"e_andong","b_FIC_EMan_Baihuaicun","11858","11858","rewritten"
"e_andong","b_FIC_EMan_Songhuajiang","11859","11859","rewritten"
"e_andong","b_FIC_EMan_Huaicao","11860","11860","rewritten"
"e_andong","b_FIC_EMan_Dacun","11864","11864","rewritten"
"e_andong","b_FIC_EMan_Huanghuai","11863","11863","rewritten"
"e_andong","b_FIC_EMan_Beihuaicun","11865","11865","rewritten"
"e_andong","b_FIC_EMan_Naolijiang","11868","11868","rewritten"
"e_andong","b_FIC_EMan_Bixinjiang","11895","11895","rewritten"
"e_andong","b_EMan_Huazhou","11913","11913","rewritten"
"e_andong","b_Liao_Jianzhou2","11851","11851","rewritten"
"e_andong","b_FIC_EMan_Shuaibinan","11914","11914","rewritten"
"e_andong","b_FIC_EMan_Nanxingkai","11873","11873","rewritten"
"e_andong","b_EMan_Dingzhou","11911","11911","rewritten"
"e_andong","b_EMan_Yongmingcheng","11912","11912","rewritten"
"e_andong","b_FIC_EMan_Dinglian","11910","11910","rewritten"
"e_andong","b_FIC_EMan_Shanganjugu","11909","11909","rewritten"
"e_andong","b_EMan_Anzhou","11905","11905","rewritten"
"e_andong","b_FIC_EMan_Silata_an","11906","11906","rewritten"
"e_andong","b_FIC_EMan_Luseqiu","11907","11907","rewritten"
"e_andong","b_FIC_EMan_Beiqiulin","11902","11902","rewritten"
"e_andong","b_FIC_EMan_Zhenzhuhai","11904","11904","rewritten"
"e_andong","b_FIC_EMan_Heizhuhai","11903","11903","rewritten"
"e_andong","b_EMan_Ningzhou","11899","11899","rewritten"
"e_andong","b_FIC_EMan_Qingshancun","11900","11900","rewritten"
"e_andong","b_FIC_EMan_Huangyuan","11901","11901","rewritten"
"e_andong","b_EMan_Supin","11876","11876","rewritten"
"e_andong","b_FIC_EMan_Xuduohe","11874","11874","rewritten"
"e_andong","b_FIC_EMan_Dongxingkai","11875","11875","rewritten"
"e_andong","b_FIC_EMan_Sanhean","11908","11908","rewritten"
"e_andong","b_FIC_EMan_Alimenyang","11896","11896","rewritten"
"e_andong","b_FIC_EMan_Zhonganyuan","11897","11897","rewritten"
"e_andong","b_FIC_EMan_Dongning","11898","11898","rewritten"
"e_andong","b_FIC_EMan_Yozejiang","11890","11890","rewritten"
"e_andong","b_FIC_EMan_Shuilinhai","11889","11889","rewritten"
"e_andong","b_Liao_Dading","11721","11721","rewritten"
"e_andong","b_Liao_Enzhou","11720","11720","rewritten"
"e_andong","b_Liao_Songshanzhou","11719","11719","rewritten"
"e_andong","b_cirlzj_jianting","12427","12427","rewritten"
"e_andong","b_cirlzj_liuheting","12417","12417","rewritten"
"e_andong","b_cirlzj_beian","12429","12429","rewritten"
"e_andong","b_cirlzj_chaolijiang","12415","12415","rewritten"
"e_andong","b_cirlzj_xuefang","12416","12416","rewritten"
"e_andong","b_cirlzj_luexiating","12425","12425","rewritten"
"e_andong","b_cirlzj_chengde","12426","12426","rewritten"
"e_andong","b_cirlzj_xinghua","12418","12418","rewritten"
"e_andong","b_cirlzj_qinglonghe","12420","12420","rewritten"
"e_andong","b_cirlzj_caodangzhen","12428","12428","rewritten"
"e_andong","b_cirlzj_yudaokou","12430","12430","rewritten"
"e_andong","b_Liao_Wuanzhou","11754","11754","rewritten"
"e_andong","b_Liao_Jianzhou","11753","11753","rewritten"
"e_andong","b_Liao_Gaozhou","11718","11718","rewritten"
"e_andong","b_Liao_Fengzhou","11716","11716","rewritten"
"e_andong","b_Liao_Yikunzhou","11715","11715","rewritten"
"e_andong","b_Liao_Chaoyang","11759","11759","rewritten"
"e_andong","b_Liao_Chuanzhou","11761","11761","rewritten"
"e_andong","b_Liao_Qianzhou2","11772","11772","rewritten"
"e_andong","b_Liao_Chengzhou","11758","11758","rewritten"
"e_andong","b_cirlzj_qinhuangdao","12422","12422","rewritten"
"e_andong","b_pingzhou","9694","4885","rewritten"
"e_andong","b_cirlzj_longtan","12421","12421","rewritten"
"e_andong","b_cirlzj_yuhejing","12424","12424","rewritten"
"e_andong","b_Liao_Liping","11760","11760","rewritten"
"e_andong","b_cirlzj_fusu","12423","12423","rewritten"
"e_andong","b_Liao_Andefu","11775","11775","rewritten"
"e_andong","b_Liao_Yizhou3","11773","11773","rewritten"
"e_andong","b_Liao_Xizhou","11776","11776","rewritten"
"e_andong","b_Liao_Jinzhou","11774","11774","rewritten"
"e_andong","b_Liao_Liaozhou","11765","11765","rewritten"
"e_andong","b_Liao_Suizhou","11766","11766","rewritten"
"e_andong","b_Liao_Shuangzhou","11771","11771","rewritten"
"e_andong","b_Liao_Xianzhou","11762","11762","rewritten"
"e_andong","b_Liao_Haibeizhou","11763","11763","rewritten"
"e_andong","b_Liao_Qianzhou","11764","11764","rewritten"
"e_andong","b_cirlxj_huanzhou","12411","12411","rewritten"
"e_andong","b_cirlxj_dongting","12409","12409","rewritten"
"e_andong","b_cirlxj_nanpo","12410","12410","rewritten"
"e_andong","b_cirlxj_yangcheng","12406","12406","rewritten"
"e_andong","b_cirlxj_yunyudi","12407","12407","rewritten"
"e_andong","b_cirlxj_lilingtaiyi","12408","12408","rewritten"
"e_srivijaya","b_JAV_Mataram","11343","11343","rewritten"
"e_srivijaya","b_JAV_Mamrati","11342","11342","rewritten"
"e_srivijaya","b_JAV_Borobodur","11341","11341","rewritten"
"e_srivijaya","b_JAV_Wwatan","11350","11350","rewritten"
"e_srivijaya","b_JAV_Bagaluhan","11340","11340","rewritten"
"e_srivijaya","b_JAV_Kampak","11351","11351","rewritten"
"e_srivijaya","b_JAV_Dieng","11344","11344","rewritten"
"e_srivijaya","b_JAV_Poh_Pitu","11345","11345","rewritten"
"e_srivijaya","b_JAV_Lwaram","11348","11348","rewritten"
"e_srivijaya","b_JAV_Kuwu","11347","11347","rewritten"
"e_srivijaya","b_JAV_Keling","11346","11346","rewritten"
"e_srivijaya","b_JAV_Kahuripan","11356","11356","rewritten"
"e_srivijaya","b_JAV_Hujung_Galuh","11354","11354","rewritten"
"e_srivijaya","b_JAV_Daha","11355","11355","rewritten"
"e_srivijaya","b_JAV_Tamwlang","11353","11353","rewritten"
"e_srivijaya","b_JAV_Kambang_Putih","11349","11349","rewritten"
"e_srivijaya","b_JAV_Anjukladang","11352","11352","rewritten"
"e_srivijaya","b_JAV_Blambangan","11359","11359","rewritten"
"e_srivijaya","b_JAV_Situbondo","11360","11360","rewritten"
"e_srivijaya","b_JAV_Pasuruhan","11357","11357","rewritten"
"e_srivijaya","b_JAV_Tumapel","11358","11358","rewritten"
"e_srivijaya","b_JAV_Pakuan_Pajajaran","11330","11330","rewritten"
"e_srivijaya","b_JAV_Banten","11326","11326","rewritten"
"e_srivijaya","b_JAV_Tangaram","11327","11327","rewritten"
"e_srivijaya","b_JAV_Tugu","11328","11328","rewritten"
"e_srivijaya","b_JAV_Cicatih","11331","11331","rewritten"
"e_srivijaya","b_JAV_Ujung_Kulon","11325","11325","rewritten"
"e_srivijaya","b_JAV_Kawali","11337","11337","rewritten"
"e_srivijaya","b_JAV_Cirebon","11336","11336","rewritten"
"e_srivijaya","b_JAV_Pangandaran","11338","11338","rewritten"
"e_srivijaya","b_JAV_Purwokerto","11339","11339","rewritten"
"e_srivijaya","b_JAV_Limbangan","11332","11332","rewritten"
"e_srivijaya","b_JAV_Cimanuk","11335","11335","rewritten"
"e_srivijaya","b_JAV_Batujaya","11333","11333","rewritten"
"e_srivijaya","b_JAV_Bojang_Menje","11334","11334","rewritten"
"e_srivijaya","b_IDO_Bedulu","11366","11366","rewritten"
"e_srivijaya","b_IDO_Buleleng","11365","11365","rewritten"
"e_srivijaya","b_IDO_Jembrana","11364","11364","rewritten"
"e_srivijaya","b_JAV_Sampang","11361","11361","rewritten"
"e_srivijaya","b_JAV_Sumenep","11362","11362","rewritten"
"e_srivijaya","b_JAV_Kangean","11363","11363","rewritten"
"e_srivijaya","b_IDO_Bima","11369","11369","rewritten"
"e_srivijaya","b_IDO_Lombok","11367","11367","rewritten"
"e_srivijaya","b_IDO_Taliwang","11368","11368","rewritten"
"e_srivijaya","b_SUM_Palembang","11296","11296","rewritten"
"e_srivijaya","b_SUM_Minanga_Tamwan","11302","11302","rewritten"
"e_srivijaya","b_SUM_Baros","11303","11303","rewritten"
"e_srivijaya","b_SUM_Salekar","11297","11297","rewritten"
"e_srivijaya","b_SUM_Musi","11298","11298","rewritten"
"e_srivijaya","b_SUM_Tulangbawang","11306","11306","rewritten"
"e_srivijaya","b_SUM_Menggala","11307","11307","rewritten"
"e_srivijaya","b_SUM_Palas_Pasemah","11308","11308","rewritten"
"e_srivijaya","b_SUM_Batu_Betil","11309","11309","rewritten"
"e_srivijaya","b_SUM_Pugong","11310","11310","rewritten"
"e_srivijaya","b_SUM_Kota_Kapur","11322","11322","rewritten"
"e_srivijaya","b_SUM_Bangka","11323","11323","rewritten"
"e_srivijaya","b_SUM_Belitung","11324","11324","rewritten"
"e_srivijaya","b_SUM_Batu_Brak","11300","11300","rewritten"
"e_srivijaya","b_SUM_Tanah_Abang","11299","11299","rewritten"
"e_srivijaya","b_SUM_Pedamaran","11301","11301","rewritten"
"e_srivijaya","b_SUM_Mesuji","11305","11305","rewritten"
"e_srivijaya","b_SUM_FIC_Rawatimur","11304","11304","rewritten"
"e_srivijaya","b_SUM_Jambi","11294","11294","rewritten"
"e_srivijaya","b_SUM_Votabura","11295","11295","rewritten"
"e_srivijaya","b_SUM_Tungkal","11288","11288","rewritten"
"e_srivijaya","b_SUM_Tumbesi","11293","11293","rewritten"
"e_srivijaya","b_SUM_Jamongas","11289","11289","rewritten"
"e_srivijaya","b_SUM_Dharmasraya","11285","11285","rewritten"
"e_srivijaya","b_SUM_Gudahiri","11286","11286","rewritten"
"e_srivijaya","b_SUM_Kuala_Kuantan","11287","11287","rewritten"
"e_srivijaya","b_SUM_Indragiri","11282","11282","rewritten"
"e_srivijaya","b_SUM_Karitang","11280","11280","rewritten"
"e_srivijaya","b_SUM_Rengat","11281","11281","rewritten"
"e_srivijaya","b_SUM_Lingga","11278","11278","rewritten"
"e_srivijaya","b_SUM_Kampe","11279","11279","rewritten"
"e_srivijaya","b_SUM_Tanjungpinang","11277","11277","rewritten"
"e_srivijaya","b_SUM_Karang_Brahi","11291","11291","rewritten"
"e_srivijaya","b_SUM_Teba","11290","11290","rewritten"
"e_srivijaya","b_SUM_Lahat","11292","11292","rewritten"
"e_srivijaya","b_SUM_Muara_Takus","11270","11270","rewritten"
"e_srivijaya","b_SUM_Pagaruyung","11284","11284","rewritten"
"e_srivijaya","b_SUM_Kahwas","11271","11271","rewritten"
"e_srivijaya","b_SUM_Kuntu","11283","11283","rewritten"
"e_srivijaya","b_SUM_Kampar","11272","11272","rewritten"
"e_srivijaya","b_SUM_Siak","11273","11273","rewritten"
"e_srivijaya","b_SUM_Boron","11276","11276","rewritten"
"e_srivijaya","b_SUM_Rokan","11267","11267","rewritten"
"e_srivijaya","b_SUM_Bengkalis","11268","11268","rewritten"
"e_srivijaya","b_SUM_Kalowang","11266","11266","rewritten"
"e_srivijaya","b_SUM_Pekanbaru","11269","11269","rewritten"
"e_srivijaya","b_SUM_Rokan_Hilir","11265","11265","rewritten"
"e_srivijaya","b_SUM_Suir","11274","11274","rewritten"
"e_srivijaya","b_SUM_Selat_Panjang","11275","11275","rewritten"
"e_srivijaya","b_SUM_Lamuri","11254","11254","rewritten"
"e_srivijaya","b_SUM_Barat","11253","11253","rewritten"
"e_srivijaya","b_SUM_Samudra","11255","11255","rewritten"
"e_srivijaya","b_SUM_Pasai","11256","11256","rewritten"
"e_srivijaya","b_SUM_Barus","11318","11318","rewritten"
"e_srivijaya","b_SUM_Singkil","11319","11319","rewritten"
"e_srivijaya","b_SUM_Tripa","11320","11320","rewritten"
"e_srivijaya","b_SUM_Calang","11321","11321","rewritten"
"e_srivijaya","b_SUM_Panai","11263","11263","rewritten"
"e_srivijaya","b_SUM_Kemang","11261","11261","rewritten"
"e_srivijaya","b_SUM_Bahal","11264","11264","rewritten"
"e_srivijaya","b_SUM_Tanjung","11262","11262","rewritten"
"e_srivijaya","b_SUM_Perlak","11257","11257","rewritten"
"e_srivijaya","b_SUM_Medan","11259","11259","rewritten"
"e_srivijaya","b_SUM_Aru","11260","11260","rewritten"
"e_srivijaya","b_SUM_Tamiang","11258","11258","rewritten"
"e_srivijaya","b_SUM_Padang","11315","11315","rewritten"
"e_srivijaya","b_SUM_Batan","11317","11317","rewritten"
"e_srivijaya","b_SUM_Tiku","11316","11316","rewritten"
"e_srivijaya","b_SUM_Bengkulu","11312","11312","rewritten"
"e_srivijaya","b_SUM_Andalas","11311","11311","rewritten"
"e_srivijaya","b_SUM_Inderajati","11314","11314","rewritten"
"e_srivijaya","b_SUM_Muko_Muko","11313","11313","rewritten"
"e_srivijaya","b_nias","11251","11251","rewritten"
"e_srivijaya","b_simeulue","11252","11252","rewritten"
"e_srivijaya","b_siberut","12824","12824","rewritten"
"e_srivijaya","b_sipura","12825","12825","rewritten"
"e_srivijaya","b_batu","12823","12823","rewritten"
"e_srivijaya","b_marakele","11248","11248","rewritten"
"e_srivijaya","b_onge","1468","1468","rewritten"
"e_srivijaya","b_diglipur","12848","12848","rewritten"
"e_srivijaya","b_nakkavaram","12849","12849","rewritten"
"e_srivijaya","b_muot","9676","9676","rewritten"
"e_srivijaya","b_MAL_Patani","11414","11414","rewritten"
"e_srivijaya","b_MAL_Saiburi","11415","11415","rewritten"
"e_srivijaya","b_MAL_Menara","11413","11413","rewritten"
"e_srivijaya","b_MAL_Kelantan","11412","11412","rewritten"
"e_srivijaya","b_MAL_Dungun","11411","11411","rewritten"
"e_srivijaya","b_MAL_Tinggano","11410","11410","rewritten"
"e_srivijaya","b_MAL_Kedah","11417","11417","rewritten"
"e_srivijaya","b_MAL_Terang","11416","11416","rewritten"
"e_srivijaya","b_MAL_Bujang","11418","11418","rewritten"
"e_srivijaya","b_MAL_Bukit_Batu_Pahat","11419","11419","rewritten"
"e_srivijaya","b_THAI_Ligor","11424","11424","rewritten"
"e_srivijaya","b_THAI_Kanchanadit","11425","11425","rewritten"
"e_srivijaya","b_THAI_Mardelang","11423","11423","rewritten"
"e_srivijaya","b_THAI_Trang","11426","11426","rewritten"
"e_srivijaya","b_THAI_Chaiya","11429","11429","rewritten"
"e_srivijaya","b_THAI_Takua_Pa","11428","11428","rewritten"
"e_srivijaya","b_THAI_Ranang","11430","11430","rewritten"
"e_srivijaya","b_THAI_Gerbi","11427","11427","rewritten"
"e_srivijaya","b_MAL_Pekan","11406","11406","rewritten"
"e_srivijaya","b_MAL_Inderapura","11407","11407","rewritten"
"e_srivijaya","b_MAL_Kiuli","11405","11405","rewritten"
"e_srivijaya","b_MAL_Saimwang","11409","11409","rewritten"
"e_srivijaya","b_MAL_Gelanggi","11402","11402","rewritten"
"e_srivijaya","b_MAL_Muar","11403","11403","rewritten"
"e_srivijaya","b_MAL_Endau","11400","11400","rewritten"
"e_srivijaya","b_MAL_Kundur","11401","11401","rewritten"
"e_srivijaya","b_MAL_Tumasik","11397","11397","rewritten"
"e_srivijaya","b_MAL_Johor","11398","11398","rewritten"
"e_srivijaya","b_MAL_Penawar","11399","11399","rewritten"
"e_srivijaya","b_riau","12526","12526","rewritten"
"e_srivijaya","b_siantan","9681","9681","rewritten"
"e_srivijaya","b_MAL_Beruas","11420","11420","rewritten"
"e_srivijaya","b_MAL_Kelang","11421","11421","rewritten"
"e_srivijaya","b_MAL_Sungei_Ujong","11422","11422","rewritten"
"e_srivijaya","b_MAL_Semantan","11408","11408","rewritten"
"e_srivijaya","b_MAL_Segamat","11404","11404","rewritten"
"e_amur","b_eman_boli","11877","11877","rewritten"
"e_amur","b_fic_eman_nanshuian","11866","11866","rewritten"
"e_amur","b_fic_eman_alimenan","11867","11867","rewritten"
"e_amur","b_fic_eman_khorhe","11894","11894","rewritten"
"e_amur","b_eman_molihewen","11881","11881","rewritten"
"e_amur","b_fic_eman_shangkhor","11880","11880","rewritten"
"e_amur","b_fic_eman_heishanan","11882","11882","rewritten"
"e_amur","b_fic_eman_bolon","12479","12479","rewritten"
"e_amur","b_fic_eman_mohean","11893","11893","rewritten"
"e_amur","b_fic_eman_wuguijiang","11878","11878","rewritten"
"e_amur","b_fic_eman_yemanshui","11879","11879","rewritten"
"e_amur","b_fic_eman_choripi","12481","12481","rewritten"
"e_amur","b_fic_eman_uada_alin","12480","12480","rewritten"
"e_amur","b_fic_eman_kuru","12482","12482","rewritten"
"e_amur","b_fic_eman_yerenhe","11892","11892","rewritten"
"e_amur","b_fic_eman_elejiang","11888","11888","rewritten"
"e_amur","b_fic_eman_bixinshang","11891","11891","rewritten"
"e_amur","b_fic_eman_wuguihai","11887","11887","rewritten"
"e_amur","b_fic_eman_shuishanpu","11885","11885","rewritten"
"e_amur","b_fic_eman_xiaoheijiang","11886","11886","rewritten"
"e_amur","b_fic_eman_heishuiyang","11884","11884","rewritten"
"e_amur","b_fic_eman_senkele","12455","12455","rewritten"
"e_amur","b_fic_eman_melersuki","12456","12456","rewritten"
"e_amur","b_fic_eman_beihean","11883","11883","rewritten"
"e_amur","b_fic_eman_silbaki","12457","12457","rewritten"
"e_amur","b_fic_eman_tudali","12478","12478","rewritten"
"e_amur","b_fic_eman_evoron","12476","12476","rewritten"
"e_amur","b_fic_eman_bureya","12477","12477","rewritten"
"e_amur","b_fic_eman_yam_alin","12472","12472","rewritten"
"e_amur","b_fic_eman_imelen","12471","12471","rewritten"
"e_amur","b_fic_eman_dusse_alin","12473","12473","rewritten"
"e_amur","b_fic_eman_khadul","12474","12474","rewritten"
"e_amur","b_fic_eman_chayatin","12475","12475","rewritten"
"e_amur","b_fic_eman_henkon","12464","12464","rewritten"
"e_amur","b_fic_eman_kerin","12467","12467","rewritten"
"e_amur","b_fic_eman_pilda","12466","12466","rewritten"
"e_amur","b_eman_nurgan","12460","12460","rewritten"
"e_amur","b_fic_eman_kamer","12458","12458","rewritten"
"e_amur","b_fic_eman_ekiti","12459","12459","rewritten"
"e_amur","b_fic_eman_chagal","12465","12465","rewritten"
"e_amur","b_fic_eman_amgun","12463","12463","rewritten"
"e_amur","b_fic_eman_chlya","12461","12461","rewritten"
"e_amur","b_fic_eman_orel","12462","12462","rewritten"
"e_amur","b_fic_eman_tugur","12469","12469","rewritten"
"e_amur","b_fic_eman_usalgin","12468","12468","rewritten"
"e_amur","b_fic_eman_ymila","12470","12470","rewritten"
"e_amur","b_fic_eman_bira","10493","10493","rewritten"
"e_amur","b_fic_eman_pichan","10491","10491","rewritten"
"e_amur","b_fic_eman_khimin","10492","10492","rewritten"
"e_amur","b_fic_eman_chulabira","10494","10494","rewritten"
"e_amur","b_fic_eman_urmi","10495","10495","rewritten"
"e_amur","b_fic_eman_kirga","10496","10496","rewritten"
"e_amur","b_fic_eman_vandarin","12439","12439","rewritten"
"e_amur","b_fic_eman_konnovanda","10489","10489","rewritten"
"e_amur","b_fic_eman_hulavanda","10490","10490","rewritten"
"e_amur","b_fic_eman_nimen","12437","12437","rewritten"
"e_amur","b_fic_eman_hara","12438","12438","rewritten"
"e_amur","b_fic_eman_oronmu","12436","12436","rewritten"
"e_amur","b_fic_eman_turma","12435","12435","rewritten"
"e_amur","b_fic_eman_uroure","12434","12434","rewritten"
"e_amur","b_fic_eman_molamu","10499","10499","rewritten"
"e_amur","b_fic_eman_birija","12433","12433","rewritten"
"e_amur","b_fic_eman_birigugda","12432","12432","rewritten"
"e_amur","b_fic_eman_umilimo","10497","10497","rewritten"
"e_amur","b_fic_eman_kulikansiggu","10500","10500","rewritten"
"e_amur","b_kusunkotan","12817","12817","rewritten"
"e_amur","b_kusunnay","12816","12816","rewritten"
"e_amur","b_pontukes","12818","12818","rewritten"
"e_amur","b_pogibi","12814","12814","rewritten"
"e_amur","b_tym_sakhalin","12815","12815","rewritten"
"e_amur","b_idoi","12813","12813","rewritten"
"e_amur","b_tarayka","12810","12810","rewritten"
"e_amur","b_eusutur","12811","12811","rewritten"
"e_amur","b_ketuni","12812","12812","rewritten"
"e_amur","b_kusuri","10790","10790","rewritten"
"e_amur","b_cipasir","10791","10791","rewritten"
"e_amur","b_nimuoro","10792","10792","rewritten"
"e_amur","b_sir_etok","10793","10793","rewritten"
"e_amur","b_pior","10787","10787","rewritten"
"e_amur","b_opereperkep","10788","10788","rewritten"
"e_amur","b_tokapusi","10789","10789","rewritten"
"e_amur","b_mopet","10794","10794","rewritten"
"e_amur","b_soya","10795","10795","rewritten"
"e_amur","b_nay_or","10796","10796","rewritten"
"e_amur","b_tes_uni","10797","10797","rewritten"
"e_amur","b_kinasir","12819","12819","rewritten"
"e_amur","b_etuworop_sir","12820","12820","rewritten"
"e_amur","b_matomai","10774","10774","rewritten"
"e_amur","b_uskes","10775","10775","rewritten"
"e_amur","b_kayaunpesh","10782","10782","rewritten"
"e_amur","b_kumausi","10776","10776","rewritten"
"e_amur","b_ioci","10777","10777","rewritten"
"e_amur","b_setanay","10780","10780","rewritten"
"e_amur","b_otarunay","10779","10779","rewritten"
"e_amur","b_aptapet_ainu","10781","10781","rewritten"
"e_amur","b_iskar_hokkaido","10801","10801","rewritten"
"e_amur","b_rurmo_otpe","10798","10798","rewritten"
"e_amur","b_cup_pet","10799","10799","rewritten"
"e_amur","b_sorapci","10800","10800","rewritten"
"e_amur","b_sar","10785","10785","rewritten"
"e_amur","b_iput","10784","10784","rewritten"
"e_amur","b_sipicar","10786","10786","rewritten"
"e_amur","b_moruran","10783","10783","rewritten"
"e_amur","b_taga","10699","10699","rewritten"
"e_amur","b_korehari","10698","10698","rewritten"
"e_amur","b_kesen","10770","10770","rewritten"
"e_amur","b_momunofu","10773","10773","rewritten"
"e_amur","b_adachi","10716","10716","rewritten"
"e_amur","b_yama_iwase","10714","10714","rewritten"
"e_amur","b_aizu","10712","10712","rewritten"
"e_amur","b_iwase","10717","10717","rewritten"
"e_amur","b_isawa","10697","10697","rewritten"
"e_amur","b_nukanobu","10692","10692","rewritten"
"e_amur","b_kuriyagawa","10693","10693","rewritten"
"e_amur","b_hei","10694","10694","rewritten"
"e_amur","b_tsugaru","10700","10700","rewritten"
"e_amur","b_tsumo","10702","10702","rewritten"
"e_amur","b_usori","10701","10701","rewritten"
"e_amur","b_nisattai","10703","10703","rewritten"
"e_amur","b_iwaki","10719","10719","rewritten"
"e_amur","b_shirakawa","10720","10720","rewritten"
"e_amur","b_namekata","10718","10718","rewritten"
"e_amur","b_agita","10705","10705","rewritten"
"e_amur","b_nushiro","10704","10704","rewritten"
"e_amur","b_hotta","10706","10706","rewritten"
"e_amur","b_okachi","10707","10707","rewritten"
"e_amur","b_yuri","10708","10708","rewritten"
"e_amur","b_okitama","10711","10711","rewritten"
"e_amur","b_tokisara","10709","10709","rewritten"
"e_amur","b_mogami","10710","10710","rewritten"
"e_bengal","b_laksmanavati","1151","1151","fallback_live_barony"
"e_bengal","b_gaur","837","837","fallback_live_barony"
"e_bengal","b_hazrat_pandua","838","838","fallback_live_barony"
"e_bengal","b_rampur_boalia","839","839","fallback_live_barony"
"e_bengal","b_ramavati","840","840","fallback_live_barony"
"e_bengal","b_devkot","841","841","fallback_live_barony"
"e_bengal","b_kotivarsa","1153","1153","fallback_live_barony"
"e_bengal","b_karnasubarna","1243","1243","fallback_live_barony"
"e_bengal","b_raktamrittika","842","842","fallback_live_barony"
"e_bengal","b_agmahl","843","843","fallback_live_barony"
"e_bengal","b_lakhnor","1242","1242","fallback_live_barony"
"e_bengal","b_kalyaneshwari","844","844","fallback_live_barony"
"e_bengal","b_gopbhum","845","845","fallback_live_barony"
"e_bengal","b_kashipur","913","913","fallback_live_barony"
"e_bengal","b_pundravardhana","1381","1381","fallback_live_barony"
"e_bengal","b_mahasthangarh","846","846","fallback_live_barony"
"e_bengal","b_ghoraghat","847","847","fallback_live_barony"
"e_bengal","b_suvarnagram","1324","1324","fallback_live_barony"
"e_bengal","b_bokainagar","850","850","fallback_live_barony"
"e_bengal","b_dhakeshwari_jatiya_mandir","851","851","fallback_live_barony"
"e_bengal","b_nasirabad","852","852","fallback_live_barony"
"e_bengal","b_madhupur","1325","1325","fallback_live_barony"
"e_bengal","b_pabna","861","861","fallback_live_barony"
"e_bengal","b_somapur","848","848","fallback_live_barony"
"e_bengal","b_bikrampur","1319","1319","fallback_live_barony"
"e_bengal","b_ekdala","833","833","fallback_live_barony"
"e_bengal","b_fathabad","1240","1240","fallback_live_barony"
"e_bengal","b_chandpur","834","834","fallback_live_barony"
"e_bengal","b_candradvipa","1236","1236","fallback_live_barony"
"e_bengal","b_bagerhat","835","835","fallback_live_barony"
"e_bengal","b_ishwaripur","836","836","fallback_live_barony"
"e_bengal","b_karmanta","1131","1131","fallback_live_barony"
"e_bengal","b_tripura","831","831","fallback_live_barony"
"e_bengal","b_mainamati","832","832","fallback_live_barony"
"e_bengal","b_udaipur","9657","9657","rewritten"
"e_bengal","b_devaparvata","1318","1318","fallback_live_barony"
"e_bengal","b_chatigama","828","828","rewritten"
"e_bengal","b_candranatha","829","829","rewritten"
"e_bengal","b_pattikera","830","830","rewritten"
"e_bengal","b_karnaphuli","8722","8722","rewritten"
"e_bengal","b_unakoti","853","853","fallback_live_barony"
"e_bengal","b_tlawng","854","854","rewritten"
"e_bengal","b_nabadwipa","1323","1323","fallback_live_barony"
"e_bengal","b_attahasa","855","855","fallback_live_barony"
"e_bengal","b_santipura","856","856","fallback_live_barony"
"e_bengal","b_saptagrama","1233","1233","fallback_live_barony"
"e_bengal","b_pandua","857","857","fallback_live_barony"
"e_bengal","b_kumarhati","858","858","fallback_live_barony"
"e_bengal","b_vijayapura","1239","1239","fallback_live_barony"
"e_bengal","b_visnupura","859","859","fallback_live_barony"
"e_bengal","b_umardan","860","860","fallback_live_barony"
"e_bengal","b_bishnupur","1238","1238","fallback_live_barony"
"e_bengal","b_baghmundi","866","866","fallback_live_barony"
"e_bengal","b_tamralipti","1235","1235","fallback_live_barony"
"e_bengal","b_sagardwip","862","862","fallback_live_barony"
"e_bengal","b_chatrabhog","863","863","fallback_live_barony"
"e_bengal","b_chandraketugarh","864","864","fallback_live_barony"
"e_bengal","b_midnapore","1232","1232","fallback_live_barony"
"e_bengal","b_dantan","865","865","fallback_live_barony"
"e_bengal","b_kamarupanagara","1321","1321","fallback_live_barony"
"e_bengal","b_manikuta","814","814","fallback_live_barony"
"e_bengal","b_pragyotisapura","815","815","fallback_live_barony"
"e_bengal","b_dhubri","816","816","fallback_live_barony"
"e_bengal","b_kamatapur","1244","1244","fallback_live_barony"
"e_bengal","b_nalrajar_garh","817","817","fallback_live_barony"
"e_bengal","b_bhitagarh","818","818","fallback_live_barony"
"e_bengal","b_haruppeswara","1418","1418","fallback_live_barony"
"e_bengal","b_numaligarh","813","813","fallback_live_barony"
"e_bengal","b_narayanpur","812","812","fallback_live_barony"
"e_bengal","b_charaideo","810","810","fallback_live_barony"
"e_bengal","b_carguya","811","811","rewritten"
"e_bengal","b_patkai","10488","10488","rewritten"
"e_bengal","b_kundina","1177","1177","fallback_live_barony"
"e_bengal","b_tinsukia","808","808","rewritten"
"e_bengal","b_ghuguha_dol","809","809","fallback_live_barony"
"e_bengal","b_goalpara","1246","1246","fallback_live_barony"
"e_bengal","b_sri_surya_pahar","819","819","fallback_live_barony"
"e_bengal","b_kamakhya","820","820","fallback_live_barony"
"e_bengal","b_dimapur","1296","1296","fallback_live_barony"
"e_bengal","b_herombial","821","821","fallback_live_barony"
"e_bengal","b_maibong","822","822","fallback_live_barony"
"e_bengal","b_oddiyana2","823","823","fallback_live_barony"
"e_bengal","b_srihatta","1245","1245","fallback_live_barony"
"e_bengal","b_jangalbari","824","824","fallback_live_barony"
"e_bengal","b_habiganj","825","825","fallback_live_barony"
"e_bengal","b_manipur","826","826","rewritten"
"e_bengal","b_khoupum","827","827","rewritten"
"e_bengal","b_pataliputra","1154","1154","fallback_live_barony"
"e_bengal","b_odantapuri","867","867","fallback_live_barony"
"e_bengal","b_rajagrha","868","868","fallback_live_barony"
"e_bengal","b_maner","869","869","fallback_live_barony"
"e_bengal","b_bihar_sharif","870","870","fallback_live_barony"
"e_bengal","b_mudgagiri","1152","1152","fallback_live_barony"
"e_bengal","b_campa","871","871","fallback_live_barony"
"e_bengal","b_vikramasila","872","872","fallback_live_barony"
"e_bengal","b_gaya","1276","1276","fallback_live_barony"
"e_bengal","b_bodh_gaya","873","873","fallback_live_barony"
"e_bengal","b_kukkutapada","874","874","fallback_live_barony"
"e_bengal","b_sasaram","1251","1251","fallback_live_barony"
"e_bengal","b_jaund","875","875","fallback_live_barony"
"e_bengal","b_arrah","876","876","fallback_live_barony"
"e_bengal","b_mithila","1419","1419","fallback_live_barony"
"e_bengal","b_sugauna","877","877","fallback_live_barony"
"e_bengal","b_darbhanga","878","878","fallback_live_barony"
"e_bengal","b_hajipur","879","879","fallback_live_barony"
"e_bengal","b_simaramapura","1420","1420","fallback_live_barony"
"e_bengal","b_kesaria","880","880","fallback_live_barony"
"e_bengal","b_barohiya","3957","3957","fallback_live_barony"
"e_bengal","b_kusinagara","1162","1162","fallback_live_barony"
"e_bengal","b_pava","881","881","fallback_live_barony"
"e_bengal","b_chapra","882","882","fallback_live_barony"
"e_bengal","b_bangaon","9654","9654","fallback_live_barony"
"e_bengal","b_jalalghar","9655","9655","fallback_live_barony"
"e_bengal","b_burhi_gandak","9656","9656","fallback_live_barony"
"e_bengal","b_jaunpur","1166","1166","fallback_live_barony"
"e_bengal","b_gadhipuri","883","883","fallback_live_barony"
"e_bengal","b_haldi2","884","884","fallback_live_barony"
"e_bengal","b_varanasi","1163","1163","fallback_live_barony"
"e_bengal","b_bhadohi","885","885","fallback_live_barony"
"e_bengal","b_chunar","1281","1281","fallback_live_barony"
"e_bengal","b_kantit","905","905","fallback_live_barony"
"e_bengal","b_chutia","1248","1248","fallback_live_barony"
"e_bengal","b_ratu","911","911","fallback_live_barony"
"e_bengal","b_koriya","1241","1241","fallback_live_barony"
"e_bengal","b_ambikapur","906","906","fallback_live_barony"
"e_bengal","b_beohari","907","907","fallback_live_barony"
"e_bengal","b_rohtas","1327","1327","fallback_live_barony"
"e_bengal","b_betla","908","908","fallback_live_barony"
"e_bengal","b_palamau","909","909","fallback_live_barony"
"e_bengal","b_rajrappa","1237","1237","fallback_live_barony"
"e_bengal","b_kenduli","910","910","fallback_live_barony"
"e_bengal","b_deogarh2","1234","1234","fallback_live_barony"
"e_bengal","b_shikarji","912","912","fallback_live_barony"
"e_bengal","b_tripuri","1271","1271","fallback_live_barony"
"e_bengal","b_mandla","914","914","fallback_live_barony"
"e_bengal","b_banjar","915","915","fallback_live_barony"
"e_bengal","b_bohani","916","916","fallback_live_barony"
"e_bengal","b_moti_mahal","924","924","fallback_live_barony"
"e_bengal","b_chauragarh","1164","1164","fallback_live_barony"
"e_bengal","b_barman","917","917","fallback_live_barony"
"e_bengal","b_hoshangabad","918","918","fallback_live_barony"
"e_bengal","b_handia","919","919","fallback_live_barony"
"e_bengal","b_ratanpur","1272","1272","fallback_live_barony"
"e_bengal","b_savarinarayana","921","921","fallback_live_barony"
"e_bengal","b_pali","922","922","fallback_live_barony"
"e_bengal","b_tummana","1277","1277","fallback_live_barony"
"e_bengal","b_amarkantak","923","923","fallback_live_barony"
"e_bengal","b_bandhugadha","1165","1165","fallback_live_barony"
"e_bengal","b_bahoriband","925","925","fallback_live_barony"
"e_bengal","b_soubhagyapura","926","926","fallback_live_barony"
"e_bengal","b_katak","1129","1129","fallback_live_barony"
"e_bengal","b_bhubaneswar","927","927","fallback_live_barony"
"e_bengal","b_konarak","928","928","fallback_live_barony"
"e_bengal","b_dhauli","929","929","fallback_live_barony"
"e_bengal","b_sakshigopal","930","930","fallback_live_barony"
"e_bengal","b_athgarh","931","931","fallback_live_barony"
"e_bengal","b_viraja","1231","1231","fallback_live_barony"
"e_bengal","b_ratnagiri","932","932","fallback_live_barony"
"e_bengal","b_bhadrak","3980","3980","fallback_live_barony"
"e_bengal","b_baleshvara","3981","3981","fallback_live_barony"
"e_bengal","b_raibania","3982","3982","fallback_live_barony"
"e_bengal","b_khinjali","1229","1229","fallback_live_barony"
"e_bengal","b_nilamadhav","3989","3989","fallback_live_barony"
"e_bengal","b_nayagarh","3990","3990","fallback_live_barony"
"e_bengal","b_kodalaka","1156","1156","fallback_live_barony"
"e_bengal","b_bajrakot","3987","3987","fallback_live_barony"
"e_bengal","b_deogarh","3988","3988","fallback_live_barony"
"e_bengal","b_khijjinga","1247","1247","fallback_live_barony"
"e_bengal","b_asanapat","3983","3983","fallback_live_barony"
"e_bengal","b_bahalda","3984","3984","fallback_live_barony"
"e_bengal","b_ghatagaon","3985","3985","fallback_live_barony"
"e_bengal","b_malayagiri","3986","3986","fallback_live_barony"
"e_bengal","b_rayapura","1160","1160","fallback_live_barony"
"e_bengal","b_shivapura","3991","3991","fallback_live_barony"
"e_bengal","b_camparanya","3992","3992","fallback_live_barony"
"e_bengal","b_sripuri","1155","1155","fallback_live_barony"
"e_bengal","b_rajiva_lochana","3993","3993","fallback_live_barony"
"e_bengal","b_suvarnapura","1230","1230","fallback_live_barony"
"e_bengal","b_yajatinagara","3994","3994","fallback_live_barony"
"e_bengal","b_vinitapura","3995","3995","fallback_live_barony"
"e_bengal","b_ranipur","3996","3996","fallback_live_barony"
"e_bengal","b_sambalpur","1249","1249","fallback_live_barony"
"e_bengal","b_rajgangpur","3997","3997","fallback_live_barony"
"e_bengal","b_bikramkhol","3998","3998","fallback_live_barony"
"e_bengal","b_kiranapura","1270","1270","fallback_live_barony"
"e_bengal","b_lanjika","7932","7932","fallback_live_barony"
"e_bengal","b_mungeli","7933","7933","fallback_live_barony"
"e_bengal","b_nandgram","7934","7934","fallback_live_barony"
"e_bengal","b_mandasa","1224","1224","fallback_live_barony"
"e_bengal","b_kalinganagara","9648","9648","fallback_live_barony"
"e_bengal","b_srikakulam","9649","9649","fallback_live_barony"
"e_bengal","b_puri","1225","1225","fallback_live_barony"
"e_bengal","b_ganjam","9650","9650","fallback_live_barony"
"e_bengal","b_gopalpur","9651","9651","fallback_live_barony"
"e_bengal","b_swetakapura","1228","1228","fallback_live_barony"
"e_bengal","b_rayagada","9652","9652","fallback_live_barony"
"e_bengal","b_asurgarh","9653","9653","fallback_live_barony"
"e_bengal","b_vizagipatam","1128","1128","fallback_live_barony"
"e_bengal","b_nandapur","1226","1226","fallback_live_barony"
"e_bengal","b_cakrakuta","1227","1227","fallback_live_barony"
"e_bengal","b_umerkote","3999","3999","fallback_live_barony"
"e_bengal","b_kanker","9659","9659","fallback_live_barony"
"e_bengal","b_barasuru","1252","1252","fallback_live_barony"
"e_bengal","b_malkangiri","7914","7914","fallback_live_barony"
"e_bengal","b_chutur","7915","7915","fallback_live_barony"
"e_qixi","b_khotan","1440","1440","rewritten"
"e_qixi","b_lafak","9607","9607","rewritten"
"e_qixi","b_bugaiwilik","9609","9609","rewritten"
"e_qixi","b_domoko","9612","9612","rewritten"
"e_qixi","b_dondan_oilik","9608","9608","rewritten"
"e_qixi","b_laodamogou","9610","9610","rewritten"
"e_qixi","b_mahas","9611","9611","rewritten"
"e_qixi","b_karghalik","9616","9616","rewritten"
"e_qixi","b_yuetgan","9613","9613","rewritten"
"e_qixi","b_guma","9614","9614","rewritten"
"e_qixi","b_kehan","9615","9615","rewritten"
"e_qixi","b_keriya","9606","9606","rewritten"
"e_qixi","b_andir","9604","9604","rewritten"
"e_qixi","b_niya","9605","9605","rewritten"
"e_qixi","b_cherchen","1441","1441","rewritten"
"e_qixi","b_saca","9602","9602","rewritten"
"e_qixi","b_endere","9603","9603","rewritten"
"e_qixi","b_kashgar","1439","1439","rewritten"
"e_qixi","b_yopurga","7960","7960","rewritten"
"e_qixi","b_yengi_xahar","7961","7961","rewritten"
"e_qixi","b_kona_xahar","7962","7962","rewritten"
"e_qixi","b_maralbeshi","7969","7969","rewritten"
"e_qixi","b_atus","7968","7968","rewritten"
"e_qixi","b_terek","7967","7967","rewritten"
"e_qixi","b_ulugqat","7966","7966","rewritten"
"e_qixi","b_aksu_mongolia","1445","1445","rewritten"
"e_qixi","b_barchuk","7970","7970","rewritten"
"e_qixi","b_tumshuk","7971","7971","rewritten"
"e_qixi","b_uch_TARIM","7972","7972","rewritten"
"e_qixi","b_stwerap","7973","7973","rewritten"
"e_qixi","b_yarkand","1438","1438","rewritten"
"e_qixi","b_yengisar","7958","7958","rewritten"
"e_qixi","b_makit","7959","7959","rewritten"
"e_qixi","b_akto","7963","7963","rewritten"
"e_qixi","b_kucha","1444","1444","rewritten"
"e_qixi","b_jigdalik","7974","7974","rewritten"
"e_qixi","b_duldulokur","7975","7975","rewritten"
"e_qixi","b_toksu","7976","7976","rewritten"
"e_qixi","b_shayar","7977","7977","rewritten"
"e_qixi","b_luntai","7980","7980","rewritten"
"e_qixi","b_bugur_TARIM","7978","7978","rewritten"
"e_qixi","b_subashi","7979","7979","rewritten"
"e_qixi","b_shorchuk","7981","7981","rewritten"
"e_qixi","b_nasi_erkule","7982","7982","rewritten"
"e_qixi","b_charkliq","1442","1442","rewritten"
"e_qixi","b_bashkoyumal","9600","9600","rewritten"
"e_qixi","b_waxxari","9601","9601","rewritten"
"e_qixi","b_miran","7999","7999","rewritten"
"e_qixi","b_omotrunnaisse","7998","7998","rewritten"
"e_qixi","b_dunhuang","1448","1448","rewritten"
"e_qixi","b_nanhu_TARIM","7997","7997","rewritten"
"e_qixi","b_loulan","1447","1447","rewritten"
"e_qixi","b_tikenik","7991","7991","rewritten"
"e_qixi","b_argan","7992","7992","rewritten"
"e_qixi","b_chelik","7993","7993","rewritten"
"e_qixi","b_kumtag","7994","7994","rewritten"
"e_qixi","b_turin_TARIM","7990","7990","rewritten"
"e_qixi","b_dafang","7996","7996","rewritten"
"e_qixi","b_shule_river","7995","7995","rewritten"
"e_qixi","b_kara_khoja","1446","1446","rewritten"
"e_qixi","b_yarkhoto","7455","7455","rewritten"
"e_qixi","b_turpan","7456","7456","rewritten"
"e_qixi","b_yidu","7457","7457","rewritten"
"e_qixi","b_barkul","7469","7469","rewritten"
"e_qixi","b_liaotun","7470","7470","rewritten"
"e_qixi","b_pulei","7471","7471","rewritten"
"e_qixi","b_hami","7458","7458","rewritten"
"e_qixi","b_minggam","9617","9617","rewritten"
"e_qixi","b_chalamtum","9618","9618","rewritten"
"e_qixi","b_burgasutai","9620","9620","rewritten"
"e_qixi","b_urtu_bulak","9619","9619","rewritten"
"e_qixi","b_beshbalik","7459","7459","rewritten"
"e_qixi","b_fukang","7460","7460","rewritten"
"e_qixi","b_cheshi","7461","7461","rewritten"
"e_qixi","b_beilu","7463","7463","rewritten"
"e_qixi","b_pilu","7464","7464","rewritten"
"e_qixi","b_jimsar","7462","7462","rewritten"
"e_qixi","b_yizhi","7472","7472","rewritten"
"e_qixi","b_yangjibalik","7465","7465","rewritten"
"e_qixi","b_wutanzili","7467","7467","rewritten"
"e_qixi","b_wusu","7468","7468","rewritten"
"e_qixi","b_bugur","1449","1449","rewritten"
"e_qixi","b_manas","7466","7466","rewritten"
"e_qixi","b_karashar","1443","1443","rewritten"
"e_qixi","b_bosten","7983","7983","rewritten"
"e_qixi","b_narinkira","7984","7984","rewritten"
"e_qixi","b_korla","7988","7988","rewritten"
"e_qixi","b_kongque","7989","7989","rewritten"
"e_qixi","b_toksun","7985","7985","rewritten"
"e_qixi","b_bezeklik","7986","7986","rewritten"
"e_qixi","b_sengim","7987","7987","rewritten"
"e_qixi","b_hoboksar","7492","7492","rewritten"
"e_qixi","b_tiebuken","7493","7493","rewritten"
"e_qixi","b_jeminay","7494","7494","rewritten"
"e_qixi","b_kaerji","7495","7495","rewritten"
"e_qixi","b_ulan_chuzir","7496","7496","rewritten"
"e_qixi","b_jie_DZU","7499","7499","rewritten"
"e_qixi","b_sulugu","7500","7500","rewritten"
"e_qixi","b_cheko","7501","7501","rewritten"
"e_xi_xia","b_huile","9546","12157","fallback_live_barony"
"e_xi_xia","b_baojing","9544","12957","fallback_live_barony"
"e_xi_xia","b_huaiyuan","9543","12960","fallback_live_barony"
"e_xi_xia","b_dingyuanying","9536","","missing_mapping_barony_removed"
"e_xi_xia","b_shunzhou","9545","","missing_mapping_barony_removed"
"e_xi_xia","b_shapotou","9534","","missing_mapping_barony_removed"
"e_xi_xia","b_yaode","9547","13089","fallback_live_barony"
"e_xi_xia","b_tongwan_china","12011","","missing_mapping_barony_removed"
"e_xi_xia","b_woyepo_china","12049","","missing_mapping_barony_removed"
"e_xi_xia","b_ningshuo_china","11962","","missing_mapping_barony_removed"
"e_xi_xia","b_changze_china","11978","","missing_mapping_barony_removed"
"e_xi_xia","b_yinzhou_china","12005","","missing_mapping_barony_removed"
"e_xi_xia","b_kaiguang_china","12039","","missing_mapping_barony_removed"
"e_xi_xia","b_zhenxiang_china","12028","","missing_mapping_barony_removed"
"e_xi_xia","b_funing_china","11999","","missing_mapping_barony_removed"
"e_xi_xia","b_shangxian_china","11964","","missing_mapping_barony_removed"
"e_xi_xia","b_yanfu_china","11977","","missing_mapping_barony_removed"
"e_xi_xia","b_suide_china","11926","","missing_mapping_barony_removed"
"e_xi_xia","b_chengping_china","11927","","missing_mapping_barony_removed"
"e_xi_xia","b_dabin_china","11969","","missing_mapping_barony_removed"
"e_xi_xia","b_mingsha","11944","12160","fallback_live_barony"
"e_xi_xia","b_fengan","11929","12959","fallback_live_barony"
"e_xi_xia","b_yanzhouwuyuan_china","11953","","missing_mapping_barony_removed"
"e_xi_xia","b_baiyanchi_china","12015","","missing_mapping_barony_removed"
"e_xi_xia","b_wenchi_china","11942","","missing_mapping_barony_removed"
"e_xi_xia","b_anlechuan_china","11933","","missing_mapping_barony_removed"
"e_xi_xia","b_lanchi_china","11997","","missing_mapping_barony_removed"
"e_xi_xia","b_ordos_china","12170","","missing_mapping_barony_removed"
"e_xi_xia","b_ulanmulun_china","12153","","missing_mapping_barony_removed"
"e_xi_xia","b_heqingjun_china","12221","","missing_mapping_barony_removed"
"e_xi_xia","b_kuyeganpo_china","12150","","missing_mapping_barony_removed"
"e_xi_xia","b_linzhou_china","12071","","missing_mapping_barony_removed"
"e_xi_xia","b_liangu_china","12108","","missing_mapping_barony_removed"
"e_xi_xia","b_yincheng_china","12069","","missing_mapping_barony_removed"
"e_xi_xia","b_fugu_china","12137","","missing_mapping_barony_removed"
"e_xi_xia","b_shengwei","12104","13095","fallback_live_barony"
"e_xi_xia","b_luotuogang_china","12107","","missing_mapping_barony_removed"
"e_xi_xia","b_hequ","12176","12974","fallback_live_barony"
"e_xi_xia","b_ganzhou","9513","9513","rewritten"
"e_xi_xia","b_shandan","9514","9514","rewritten"
"e_xi_xia","b_minle","9515","9515","rewritten"
"e_xi_xia","b_linze","9501","9501","rewritten"
"e_xi_xia","b_ganjun","9500","9500","rewritten"
"e_xi_xia","b_pingchuan","9503","9503","rewritten"
"e_xi_xia","b_gaotai","9502","9502","rewritten"
"e_xi_xia","b_sunan","9499","9499","rewritten"
"e_xi_xia","b_jinta","9496","9496","rewritten"
"e_xi_xia","b_xiba","9495","9495","rewritten"
"e_xi_xia","b_jiayuguan","9493","9493","rewritten"
"e_xi_xia","b_suzhou","9494","9494","rewritten"
"e_xi_xia","b_qingshui","9498","9498","rewritten"
"e_xi_xia","b_chijin","9491","9491","rewritten"
"e_xi_xia","b_yumen","9487","9487","rewritten"
"e_xi_xia","b_huahai","9492","9492","rewritten"
"e_xi_xia","b_jiuyuan","9537","9538","fallback_live_barony"
"e_xi_xia","b_wuyuan","9538","12162","fallback_live_barony"
"e_xi_xia","b_yongfeng","9539","12973","fallback_live_barony"
"e_xi_xia","b_helan","9542","12961","fallback_live_barony"
"e_xi_xia","b_zhongcun","9540","9540","fallback_live_barony"
"e_xi_xia","b_wuliji","9541","9541","rewritten"
"e_xi_xia","b_zhenfan","9518","9518","rewritten"
"e_xi_xia","b_jiahe","9519","9519","rewritten"
"e_xi_xia","b_nanhu","9532","","missing_mapping_barony_removed"
"e_xi_xia","b_chaganbulage","9533","9533","fallback_live_barony"
"e_xi_xia","b_chaogetuhure","9535","9535","fallback_live_barony"
"e_xi_xia","b_alxa","9509","9509","rewritten"
"e_xi_xia","b_yabulai","9520","9520","rewritten"
"e_xi_xia","b_tamusubulage","9549","9549","rewritten"
"e_xi_xia","b_gulang","9523","9523","rewritten"
"e_xi_xia","b_liangzhou","9521","9521","rewritten"
"e_xi_xia","b_huangcheng","9522","9522","rewritten"
"e_xi_xia","b_fanhe","9516","9516","rewritten"
"e_xi_xia","b_jinchang","9517","9517","rewritten"
"e_xi_xia","b_dajing","9525","","missing_mapping_barony_removed"
"e_xi_xia","b_jingtai","9529","","missing_mapping_barony_removed"
"e_xi_xia","b_baiyin","9531","","missing_mapping_barony_removed"
"e_xi_xia","b_gaolan","9530","","missing_mapping_barony_removed"
"e_xi_xia","b_anning","9527","11474","fallback_live_barony"
"e_xi_xia","b_yongdeng","9528","","missing_mapping_barony_removed"
"e_xi_xia","b_wushengyi","9526","9526","rewritten"
"e_xi_xia","b_tianzhu","9524","9524","rewritten"
"e_xi_xia","b_babao","9511","9511","rewritten"
"e_xi_xia","b_semnyi","9512","9512","rewritten"
"e_xi_xia","b_yalong","9490","9490","rewritten"
"e_xi_xia","b_yeniugou","9497","9497","rewritten"
"e_xi_xia","b_yijinai","9506","9506","rewritten"
"e_xi_xia","b_juyan","9507","9507","rewritten"
"e_xi_xia","b_wentugaole","9510","9510","rewritten"
"e_xi_xia","b_gurinai","9548","9548","rewritten"
"e_xi_xia","b_hangtian","9505","9505","rewritten"
"e_xi_xia","b_heihe","9504","9504","rewritten"
"e_xi_xia","b_mazongshan","9489","9489","rewritten"
"e_xi_xia","b_saihantaolai","9508","9508","rewritten"
"e_xi_xia","b_anxi","9482","9482","rewritten"
"e_xi_xia","b_guazhou","9481","9481","rewritten"
"e_xi_xia","b_yulin","9478","9478","rewritten"
"e_xi_xia","b_changma","9485","9485","rewritten"
"e_xi_xia","b_hedong","9486","9486","rewritten"
"e_xi_xia","b_hongliuyuan","9483","9483","rewritten"
"e_xi_xia","b_qidun","9488","9488","rewritten"
"e_xi_xia","b_xihu","9484","9484","rewritten"
"e_xi_xia","b_shazhou","9476","9476","rewritten"
"e_xi_xia","b_mogao","9477","9477","rewritten"
"e_xi_xia","b_yumenguan","9474","9474","rewritten"
"e_xi_xia","b_yangguan","9473","9473","rewritten"
"e_xi_xia","b_akeqi","9475","9475","rewritten"
"e_xi_xia","b_subei","9479","9479","rewritten"
"e_xi_xia","b_yanchiwan","9480","9480","rewritten"
"e_xi_xia","b_ngor","9408","9408","rewritten"
"e_xi_xia","b_aksay_tibet","9472","9472","rewritten"
"e_xi_xia","b_hahaeci","9471","9471","rewritten"
"e_xi_xia","b_haltang","9469","9469","rewritten"
"e_xi_xia","b_takoerpasitao","9470","9470","rewritten"
"e_tibet","b_zetang","9230","9230","rewritten"
"e_tibet","b_taktse","9226","9226","rewritten"
"e_tibet","b_yumbu_lakhang","9229","9229","rewritten"
"e_tibet","b_qusum","9231","9231","rewritten"
"e_tibet","b_nagarze","9223","9223","rewritten"
"e_tibet","b_gonggar","9232","9232","rewritten"
"e_tibet","b_comai","9225","9225","rewritten"
"e_tibet","b_lhozhag","9224","9224","rewritten"
"e_tibet","b_gyaca","9233","9233","rewritten"
"e_tibet","b_daklha_gampo","9234","9234","rewritten"
"e_tibet","b_nang","9235","9235","rewritten"
"e_tibet","b_gedang","9265","9265","rewritten"
"e_tibet","b_potala","9238","9238","rewritten"
"e_tibet","b_lhasa","9237","9237","rewritten"
"e_tibet","b_samye","9228","9228","rewritten"
"e_tibet","b_doilungdeqen","9246","9246","rewritten"
"e_tibet","b_quxu","9245","9245","rewritten"
"e_tibet","b_gyama","9239","9239","rewritten"
"e_tibet","b_kunggar","9240","9240","rewritten"
"e_tibet","b_drigung","9241","9241","rewritten"
"e_tibet","b_mila_tibet","9266","9266","rewritten"
"e_tibet","b_lhunzhub","9242","9242","rewritten"
"e_tibet","b_ngarnang","9243","9243","rewritten"
"e_tibet","b_nyemo","9247","9247","rewritten"
"e_tibet","b_qewa","9251","9251","rewritten"
"e_tibet","b_damquka","9248","9248","rewritten"
"e_tibet","b_nyinhzhong","9249","9249","rewritten"
"e_tibet","b_yangpachen","9250","9250","rewritten"
"e_tibet","b_nagchu","9255","9255","rewritten"
"e_tibet","b_lhomar","9256","9256","rewritten"
"e_tibet","b_taksar","9257","9257","rewritten"
"e_tibet","b_qangma","9258","9258","rewritten"
"e_tibet","b_pukpa","9253","9253","rewritten"
"e_tibet","b_balla","9254","9254","rewritten"
"e_tibet","b_lhari","9270","9270","rewritten"
"e_tibet","b_lingti","9269","9269","rewritten"
"e_tibet","b_cozhelhoma","9261","9261","rewritten"
"e_tibet","b_xibde","9260","9260","rewritten"
"e_tibet","b_garco","9262","9262","rewritten"
"e_tibet","b_parling","9259","9259","rewritten"
"e_tibet","b_dorsoidong","9263","9263","rewritten"
"e_tibet","b_xigaze","9194","9194","rewritten"
"e_tibet","b_nyamo","9198","9198","rewritten"
"e_tibet","b_namling","9209","9209","rewritten"
"e_tibet","b_tobgyai","9210","9210","rewritten"
"e_tibet","b_gyangze","9197","9197","rewritten"
"e_tibet","b_rinbung","9196","9196","rewritten"
"e_tibet","b_kangmar","9195","9195","rewritten"
"e_tibet","b_kamru_2","9192","9192","rewritten"
"e_tibet","b_sagya","9190","9190","rewritten"
"e_tibet","b_se","9191","9191","rewritten"
"e_tibet","b_lhaze","9189","9189","rewritten"
"e_tibet","b_dinggye","9187","9187","rewritten"
"e_tibet","b_tsongdu","9183","9183","rewritten"
"e_tibet","b_shelkar","9186","9186","rewritten"
"e_tibet","b_kungtang","9180","9180","rewritten"
"e_tibet","b_gyirong","9181","9181","rewritten"
"e_tibet","b_chagne","9182","9182","rewritten"
"e_tibet","b_kyakyaru","9083","9083","rewritten"
"e_tibet","b_changgo","9081","9081","rewritten"
"e_tibet","b_lhagcang","9082","9082","rewritten"
"e_tibet","b_kagar","9199","9199","rewritten"
"e_tibet","b_sangsang","9200","9200","rewritten"
"e_tibet","b_quog","9206","9206","rewritten"
"e_tibet","b_caze","9201","9201","rewritten"
"e_tibet","b_rusar","9203","9203","rewritten"
"e_tibet","b_kunglung","9204","9204","rewritten"
"e_tibet","b_tongmoin","9207","9207","rewritten"
"e_tibet","b_qingtu","9211","9211","rewritten"
"e_tibet","b_leba","9208","9208","rewritten"
"e_tibet","b_nyima","9215","9215","rewritten"
"e_tibet","b_ladoi","9217","9217","rewritten"
"e_tibet","b_gyagog","9222","9222","rewritten"
"e_tibet","b_shyungme","9213","9213","rewritten"
"e_tibet","b_qamdo","9302","9302","rewritten"
"e_tibet","b_riwoqe","9300","9300","rewritten"
"e_tibet","b_yiqen","9284","9284","rewritten"
"e_tibet","b_dengqen","9299","9299","rewritten"
"e_tibet","b_qizhu","9290","9290","rewritten"
"e_tibet","b_baqen","9297","9297","rewritten"
"e_tibet","b_lhaxi","9298","9298","rewritten"
"e_tibet","b_arxog","9296","9296","rewritten"
"e_tibet","b_sog","9294","9294","rewritten"
"e_tibet","b_biru","9293","9293","rewritten"
"e_tibet","b_xamqu","9292","9292","rewritten"
"e_tibet","b_banbar","9287","9287","rewritten"
"e_tibet","b_jaggang","9288","9288","rewritten"
"e_tibet","b_lhorong","9289","9289","rewritten"
"e_tibet","b_bome","9279","9279","rewritten"
"e_tibet","b_zhamog","9277","9277","rewritten"
"e_tibet","b_kangyu","9285","9285","rewritten"
"e_tibet","b_qundo","9286","9286","rewritten"
"e_tibet","b_baxoi","9281","9281","fallback_live_barony"
"e_tibet","b_rawu","9278","9278","rewritten"
"e_tibet","b_zogang","9282","9282","fallback_live_barony"
"e_tibet","b_kagong","9283","9283","fallback_live_barony"
"e_tibet","b_nyingchi","9275","9275","rewritten"
"e_tibet","b_burqug","9271","9271","rewritten"
"e_tibet","b_lunang","9276","9276","rewritten"
"e_tibet","b_yiong","9280","9280","rewritten"
"e_tibet","b_mainling","9170","9170","rewritten"
"e_tibet","b_wolong","9169","9169","rewritten"
"e_tibet","b_nangqen","9304","9304","rewritten"
"e_tibet","b_nyangla","9305","9305","rewritten"
"e_tibet","b_gyegumdo","9306","9306","rewritten"
"e_tibet","b_longbaoco","9307","9307","rewritten"
"e_tibet","b_lhatok","9303","9303","rewritten"
"e_tibet","b_jomda","9308","9308","rewritten"
"e_tibet","b_derdoin","9309","9309","rewritten"
"e_tibet","b_yendum","9312","9312","rewritten"
"e_tibet","b_rongzhub","9313","9313","rewritten"
"e_tibet","b_bolo","9310","9310","rewritten"
"e_tibet","b_bumgye","9311","9311","rewritten"
"e_tibet","b_lingtsang","9349","9349","rewritten"
"e_tibet","b_serxu","9348","9348","rewritten"
"e_tibet","b_ariksar","9350","9350","rewritten"
"e_tibet","b_tromsa_genma","9351","9351","rewritten"
"e_tibet","b_dege","9343","9343","rewritten"
"e_tibet","b_palpung","9344","9344","rewritten"
"e_tibet","b_dzogchen","9345","9345","rewritten"
"e_tibet","b_pelyul","9352","9352","rewritten"
"e_tibet","b_katok","9326","9326","rewritten"
"e_tibet","b_manigango","9346","9346","rewritten"
"e_tibet","b_garze","9340","9340","rewritten"
"e_tibet","b_axu","9347","9347","rewritten"
"e_tibet","b_batang","9323","9323","rewritten"
"e_tibet","b_dewu","9353","9353","fallback_live_barony"
"e_tibet","b_qagcheng","9321","9321","fallback_live_barony"
"e_tibet","b_markam","9314","9314","rewritten"
"e_tibet","b_jangpa","9315","9315","fallback_live_barony"
"e_tibet","b_gyaitang","9318","9318","fallback_live_barony"
"e_tibet","b_takchongrong","9322","9322","fallback_live_barony"
"e_tibet","b_derong","9319","9319","fallback_live_barony"
"e_tibet","b_litang","9325","9325","rewritten"
"e_tibet","b_nyagqu","9327","9327","rewritten"
"e_tibet","b_lenggu","9324","9324","fallback_live_barony"
"e_tibet","b_dabba_tibet","9320","9320","fallback_live_barony"
"e_tibet","b_nyagrong","9336","9336","rewritten"
"e_tibet","b_jalhaxi","9339","9339","rewritten"
"e_tibet","b_muli","13115","11454","fallback_live_barony"
"e_tibet","b_rusar_huangzhong","9421","9421","rewritten"
"e_tibet","b_xining","9422","9422","rewritten"
"e_tibet","b_tongkor","9414","9414","rewritten"
"e_tibet","b_datong","9413","9413","rewritten"
"e_tibet","b_serkok","9412","9412","rewritten"
"e_tibet","b_fuqi","9406","9406","rewritten"
"e_tibet","b_temqen","9407","9407","rewritten"
"e_tibet","b_yagkeng","9409","9409","rewritten"
"e_tibet","b_gangca","9410","9410","rewritten"
"e_tibet","b_qabqa","9423","9423","rewritten"
"e_tibet","b_changzhi","9426","9426","rewritten"
"e_tibet","b_haeyan","9411","9411","rewritten"
"e_tibet","b_xigortang","9427","9427","rewritten"
"e_tibet","b_namtang","9428","9428","rewritten"
"e_tibet","b_ulam","9404","9404","rewritten"
"e_tibet","b_cakha","9405","9405","rewritten"
"e_tibet","b_derlenka","9399","9399","rewritten"
"e_tibet","b_tuulain","9403","9403","rewritten"
"e_tibet","b_balung_dulan","9402","9402","rewritten"
"e_tibet","b_nagormo","9396","9396","rewritten"
"e_tibet","b_dagelhe","9400","9400","rewritten"
"e_tibet","b_zhiteu","9398","9398","rewritten"
"e_tibet","b_hohaseco","9369","9369","rewritten"
"e_tibet","b_ragbangadung","9388","9388","rewritten"
"e_tibet","b_lenghu","9395","9395","rewritten"
"e_tibet","b_qaidam","9397","9397","rewritten"
"e_tibet","b_mangnai","9393","9393","rewritten"
"e_tibet","b_bokalik","9392","9392","rewritten"
"e_tibet","b_ayakkum","9389","9389","rewritten"
"e_tibet","b_aqqikkol","9390","9390","rewritten"
"e_tibet","b_garkung","9219","9219","rewritten"
"e_tibet","b_margai","9220","9220","rewritten"
"e_tibet","b_yurba","9221","9221","rewritten"
"e_tibet","b_dokecoring_qangco","9366","9366","rewritten"
"e_tibet","b_amdo","9355","9355","rewritten"
"e_tibet","b_gangnyi","9356","9356","rewritten"
"e_tibet","b_sibnak_chenchungo","9357","9357","rewritten"
"e_tibet","b_nyainrong","9354","9354","rewritten"
"e_tibet","b_marrong","9358","9358","rewritten"
"e_tibet","b_dangla","9370","9370","rewritten"
"e_tibet","b_marchu","9362","9362","rewritten"
"e_tibet","b_quemoco","9361","9361","rewritten"
"e_tibet","b_aqenganggyai","9368","9368","rewritten"
"e_tibet","b_drakbuk","9372","9372","rewritten"
"e_tibet","b_chumarho","9373","9373","rewritten"
"e_tibet","b_nengyi","9371","9371","rewritten"
"e_tibet","b_qapugtang","9378","9378","rewritten"
"e_tibet","b_ato","9377","9377","rewritten"
"e_tibet","b_mukzhung","9379","9379","rewritten"
"e_tibet","b_trandam","9375","9375","rewritten"
"e_tibet","b_damzhung","9376","9376","rewritten"
"e_tibet","b_toma","9374","9374","rewritten"
"e_tibet","b_gyaijepozhangge","9382","9382","rewritten"
"e_tibet","b_drakgur","9381","9381","rewritten"
"e_tibet","b_zokya","9380","9380","rewritten"
"e_tibet","b_qumarleb","9385","9385","rewritten"
"e_tibet","b_chikdril","9387","9387","rewritten"
"e_tibet","b_mato","9386","9386","rewritten"
"e_tibet","b_triwang","9383","9383","rewritten"
"e_tibet","b_damda","9384","9384","rewritten"
"e_tibet","b_barkam","9463","9463","fallback_live_barony"
"e_tibet","b_rongbur","9462","9462","fallback_live_barony"
"e_tibet","b_zamtang","9461","9461","rewritten"
"e_tibet","b_soxiq","9452","9452","rewritten"
"e_tibet","b_ngawa","9451","9451","fallback_live_barony"
"e_tibet","b_khyungchu","9455","9455","fallback_live_barony"
"e_tibet","b_maowun","9458","","missing_mapping_barony_removed"
"e_tibet","b_sumshul","9459","","missing_mapping_barony_removed"
"e_tibet","b_wunchoin","9460","","missing_mapping_barony_removed"
"e_tibet","b_sungqu","9456","9456","fallback_live_barony"
"e_tibet","b_choqu","9457","9457","fallback_live_barony"
"e_tibet","b_zoige","9453","9453","fallback_live_barony"
"e_tibet","b_yunglro","9454","9454","fallback_live_barony"
"e_tibet","b_quqen","9464","9464","fallback_live_barony"
"e_tibet","b_kharsa","9467","9467","fallback_live_barony"
"e_tibet","b_zainlha","9466","9466","fallback_live_barony"
"e_tibet","b_trashingling","9465","9465","fallback_live_barony"
"e_tibet","b_darzedo","9330","9330","fallback_live_barony"
"e_tibet","b_jagsam","9329","","missing_mapping_barony_removed"
"e_tibet","b_shade","9332","9332","fallback_live_barony"
"e_tibet","b_rongzhag","9333","9333","fallback_live_barony"
"e_tibet","b_lhagang","9331","9331","fallback_live_barony"
"e_tibet","b_gyezil","9328","9328","fallback_live_barony"
"e_tibet","b_dawu","9334","9334","fallback_live_barony"
"e_tibet","b_nyatsho","9335","9335","rewritten"
"e_tibet","b_draggo","9337","9337","rewritten"
"e_tibet","b_sertar","9342","9342","rewritten"
"e_tibet","b_larung","9341","9341","rewritten"
"e_tibet","b_niba","9338","9338","rewritten"
"e_tibet","b_maqen","9446","9446","rewritten"
"e_tibet","b_gade","9447","9447","rewritten"
"e_tibet","b_madoi","9429","9429","rewritten"
"e_tibet","b_dzogenrabar","9430","9430","rewritten"
"e_tibet","b_machu","9431","9431","rewritten"
"e_tibet","b_seretang","9449","9449","rewritten"
"e_tibet","b_gyumai","9448","9448","rewritten"
"e_tibet","b_jigzhi","9450","9450","rewritten"
"e_tibet","b_rebgong","9434","9434","rewritten"
"e_tibet","b_jainca","9424","9424","rewritten"
"e_tibet","b_triga","9425","9425","rewritten"
"e_tibet","b_mangra","9432","9432","rewritten"
"e_tibet","b_gabasumdo","9433","9433","rewritten"
"e_tibet","b_zekog","9435","9435","rewritten"
"e_tibet","b_yegainnyin","9436","9436","rewritten"
"e_tibet","b_maqu","9437","9437","rewritten"
"e_tibet","b_murje","9438","9438","rewritten"
"e_tibet","b_jone","9443","9443","fallback_live_barony"
"e_tibet","b_linten","9442","9442","fallback_live_barony"
"e_tibet","b_hzo","9441","9441","rewritten"
"e_tibet","b_sangqu","9440","9440","rewritten"
"e_tibet","b_luqu","9439","9439","rewritten"
"e_tibet","b_tewo","9444","9444","fallback_live_barony"
"e_tibet","b_zhugqu","9445","9445","fallback_live_barony"
"e_tibet","b_tsaparang","9052","9052","rewritten"
"e_tibet","b_tholing","9053","9053","rewritten"
"e_tibet","b_busin","9054","9054","rewritten"
"e_tibet","b_gar","9056","9056","rewritten"
"e_tibet","b_kyunglung","9055","9055","rewritten"
"e_tibet","b_monicer","9086","9086","rewritten"
"e_tibet","b_gegyai","9058","9058","rewritten"
"e_tibet","b_chaka","9060","9060","rewritten"
"e_tibet","b_risum","9038","9038","rewritten"
"e_tibet","b_gerze","9061","9061","rewritten"
"e_tibet","b_dongco","9062","9062","rewritten"
"e_tibet","b_chagboco","9064","9064","rewritten"
"e_tibet","b_aso","9216","9216","rewritten"
"e_tibet","b_coqen","9066","9066","rewritten"
"e_tibet","b_kamru","9050","9050","rewritten"
"e_tibet","b_nako","9044","9044","rewritten"
"e_tibet","b_dhankar","9046","9046","rewritten"
"e_tibet","b_tabo","9045","9045","rewritten"
"e_tibet","b_kardang","9047","9047","rewritten"
"e_tibet","b_teglakar","9068","9068","rewritten"
"e_tibet","b_simbiling","9067","9067","rewritten"
"e_tibet","b_cuonaco","9070","9070","rewritten"
"e_tibet","b_argogco","9071","9071","rewritten"
"e_tibet","b_labrang","9075","9075","rewritten"
"e_tibet","b_baryang","9076","9076","rewritten"
"e_tibet","b_penchi","9077","9077","rewritten"
"e_tibet","b_yagra","9078","9078","rewritten"
"e_tibet","b_manthang","9079","9079","rewritten"
"e_tibet","b_muktinath","9080","9080","rewritten"
"e_tibet","b_dolpo","9085","9085","rewritten"
"e_tibet","b_leh","9002","9002","rewritten"
"e_tibet","b_shey","9003","9003","rewritten"
"e_tibet","b_khalatse","9004","9004","rewritten"
"e_tibet","b_tangtse","9005","9005","rewritten"
"e_tibet","b_demchok","9006","9006","rewritten"
"e_tibet","b_hanle","9007","9007","rewritten"
"e_tibet","b_chusul","9008","9008","rewritten"
"e_tibet","b_diskit","9009","9009","rewritten"
"e_tibet","b_panamik","9010","9010","rewritten"
"e_tibet","b_turtuk","9011","9011","rewritten"
"e_tibet","b_dipsang","9012","9012","rewritten"
"e_tibet","b_padum","9013","9013","rewritten"
"e_tibet","b_zangla","9014","9014","rewritten"
"e_tibet","b_lingshet","9015","9015","rewritten"
"e_tibet","b_darcha","9016","9016","rewritten"
"e_tibet","b_karzok","9017","9017","rewritten"
"e_tibet","b_purig","9018","9018","rewritten"
"e_tibet","b_dras","9019","9019","rewritten"
"e_tibet","b_skardu","9020","9020","rewritten"
"e_tibet","b_roundu","9021","9021","rewritten"
"e_tibet","b_tolti","9022","9022","rewritten"
"e_tibet","b_gultari","9023","9023","rewritten"
"e_tibet","b_astore","9024","9024","rewritten"
"e_tibet","b_minimarg","9025","9025","rewritten"
"e_tibet","b_shigar","9026","9026","rewritten"
"e_tibet","b_askole","9027","9027","rewritten"
"e_tibet","b_khaplu","9028","9028","rewritten"
"e_tibet","b_haldi","9029","9029","rewritten"
"e_tibet","b_thaldat","9033","9033","rewritten"
"e_tibet","b_sumnal","9034","9034","rewritten"
"e_tibet","b_sumdo","9035","9035","rewritten"
"e_tibet","b_chungtash","9036","9036","rewritten"
"e_tibet","b_rutog","9037","9037","rewritten"
"e_tibet","b_rebang","9039","9039","rewritten"
"e_tibet","b_khurnak","9030","9030","rewritten"
"e_tibet","b_nischu","9031","9031","rewritten"
"e_tibet","b_sumna","9032","9032","rewritten"
"e_tibet","b_bairab","9043","9043","rewritten"
"e_tibet","b_bangdag","9042","9042","rewritten"
"e_tibet","b_burogco","9065","9065","rewritten"
"e_yongliang","b_fengxiang_china","12819","","missing_mapping_barony_removed"
"e_yongliang","b_linyou_china","12842","","missing_mapping_barony_removed"
"e_yongliang","b_chencang_china","12797","","missing_mapping_barony_removed"
"e_yongliang","b_meixian_china","12782","","missing_mapping_barony_removed"
"e_yongliang","b_qishan_china","12806","","missing_mapping_barony_removed"
"e_yongliang","b_zhouzhi_china","12765","","missing_mapping_barony_removed"
"e_yongliang","b_longzhouqianyuan_china","12856","","missing_mapping_barony_removed"
"e_yongliang","b_qianyang_china","12814","","missing_mapping_barony_removed"
"e_yongliang","b_chencangxiadao_china","12813","","missing_mapping_barony_removed"
"e_yongliang","b_huazhou_china","12801","","missing_mapping_barony_removed"
"e_yongliang","b_xiagui_china","12836","","missing_mapping_barony_removed"
"e_yongliang","b_huayin_china","12833","","missing_mapping_barony_removed"
"e_yongliang","b_tongguan_china","12829","","missing_mapping_barony_removed"
"e_yongliang","b_pujinguan_china","12858","","missing_mapping_barony_removed"
"e_yongliang","b_huashan_china","12816","","missing_mapping_barony_removed"
"e_yongliang","b_tongzhoupingyi_china","12851","","missing_mapping_barony_removed"
"e_yongliang","b_tongzhouheyang_china","12896","","missing_mapping_barony_removed"
"e_yongliang","b_hancheng_china","12917","","missing_mapping_barony_removed"
"e_yongliang","b_changan_china","12761","","missing_mapping_barony_removed"
"e_yongliang","b_wannian_china","12766","","missing_mapping_barony_removed"
"e_yongliang","b_weinan_china","12800","","missing_mapping_barony_removed"
"e_yongliang","b_lantian_china","12762","","missing_mapping_barony_removed"
"e_yongliang","b_zhongnanshan_china","12751","","missing_mapping_barony_removed"
"e_yongliang","b_chuxian_china","12760","","missing_mapping_barony_removed"
"e_yongliang","b_ziwuguan_china","12743","","missing_mapping_barony_removed"
"e_yongliang","b_xianyang_china","12793","","missing_mapping_barony_removed"
"e_yongliang","b_liquan_china","12825","","missing_mapping_barony_removed"
"e_yongliang","b_wugong_china","12792","","missing_mapping_barony_removed"
"e_yongliang","b_jingyang_china","12826","","missing_mapping_barony_removed"
"e_yongliang","b_fuping_china","12871","","missing_mapping_barony_removed"
"e_yongliang","b_baishui_china","12895","","missing_mapping_barony_removed"
"e_yongliang","b_yuanzhou_china","11766","","missing_mapping_barony_removed"
"e_yongliang","b_pinggao","11871","12187","fallback_live_barony"
"e_yongliang","b_baiquan_china","12966","","missing_mapping_barony_removed"
"e_yongliang","b_longshanguan_china","12957","","missing_mapping_barony_removed"
"e_yongliang","b_pingliang_china","12926","","missing_mapping_barony_removed"
"e_yongliang","b_liangyuan_china","12899","","missing_mapping_barony_removed"
"e_yongliang","b_huating_china","12902","","missing_mapping_barony_removed"
"e_yongliang","b_linjing_china","12964","","missing_mapping_barony_removed"
"e_yongliang","b_anding_china","12920","","missing_mapping_barony_removed"
"e_yongliang","b_yinpan_china","12950","","missing_mapping_barony_removed"
"e_yongliang","b_chungu_china","12882","","missing_mapping_barony_removed"
"e_yongliang","b_binzhouxinping_china","12887","","missing_mapping_barony_removed"
"e_yongliang","b_yongshou_china","12863","","missing_mapping_barony_removed"
"e_yongliang","b_qingzhouanhua_china","11771","","missing_mapping_barony_removed"
"e_yongliang","b_huachi_china","11774","","missing_mapping_barony_removed"
"e_yongliang","b_fangqu_china","11872","","missing_mapping_barony_removed"
"e_yongliang","b_baimachuan_china","11772","","missing_mapping_barony_removed"
"e_yongliang","b_ningzhoudingan_china","12923","","missing_mapping_barony_removed"
"e_yongliang","b_pengyuan_china","12932","","missing_mapping_barony_removed"
"e_yongliang","b_fuzhouluojiao_china","12968","","missing_mapping_barony_removed"
"e_yongliang","b_fulu_china","11778","","missing_mapping_barony_removed"
"e_yongliang","b_zhiluo_china","12976","","missing_mapping_barony_removed"
"e_yongliang","b_yanzhou_fushi_china","11863","","missing_mapping_barony_removed"
"e_yongliang","b_yanchuan_china","11897","","missing_mapping_barony_removed"
"e_yongliang","b_yanan_china","11867","","missing_mapping_barony_removed"
"e_yongliang","b_linzhen_china","11781","","missing_mapping_barony_removed"
"e_yongliang","b_jinming_china","11891","","missing_mapping_barony_removed"
"e_yongliang","b_jincheng_yanzhou_china","11859","","missing_mapping_barony_removed"
"e_yongliang","b_fangzhouzhongbu_china","12958","","missing_mapping_barony_removed"
"e_yongliang","b_fucheng_qin_china","12938","","missing_mapping_barony_removed"
"e_yongliang","b_fenghuanggu_china","12914","","missing_mapping_barony_removed"
"e_yongliang","b_danzhouyichuan_china","12971","","missing_mapping_barony_removed"
"e_yongliang","b_wurenguan_china","11782","","missing_mapping_barony_removed"
"e_yongliang","b_shanzhou","9418","9418","rewritten"
"e_yongliang","b_chuankou","9417","9417","rewritten"
"e_yongliang","b_ledu","9416","9416","rewritten"
"e_yongliang","b_gonglung","9415","9415","rewritten"
"e_yongliang","b_kuozhou","9419","9419","rewritten"
"e_yongliang","b_yadzi","9420","9420","rewritten"
"e_yongliang","b_hezhou_longyou_china","12916","12916","rewritten"
"e_yongliang","b_kenuo_china","12901","","missing_mapping_barony_removed"
"e_yongliang","b_binglingsi_china","12965","12965","rewritten"
"e_yongliang","b_shanggui_china","12810","","missing_mapping_barony_removed"
"e_yongliang","b_maijishan_china","12802","","missing_mapping_barony_removed"
"e_yongliang","b_qinlingxian_china","12811","","missing_mapping_barony_removed"
"e_yongliang","b_qingshui_china","12862","","missing_mapping_barony_removed"
"e_yongliang","b_chengji_china","12870","","missing_mapping_barony_removed"
"e_yongliang","b_fuqiang_china","12841","","missing_mapping_barony_removed"
"e_yongliang","b_longcheng_longyou_china","12886","","missing_mapping_barony_removed"
"e_yongliang","b_jieting_china","12908","","missing_mapping_barony_removed"
"e_yongliang","b_weizhouxiangwu_china","12846","","missing_mapping_barony_removed"
"e_yongliang","b_zhangxian_weizhou_china","12818","","missing_mapping_barony_removed"
"e_yongliang","b_minzhouyile_china","12790","","missing_mapping_barony_removed"
"e_yongliang","b_youchuan_china","12748","","missing_mapping_barony_removed"
"e_yongliang","b_kongtongshan_china","12778","","missing_mapping_barony_removed"
"e_yongliang","b_lanzhou_china","12972","","missing_mapping_barony_removed"
"e_yongliang","b_longgoubao_china","11763","","missing_mapping_barony_removed"
"e_yongliang","b_didao_china","12919","","missing_mapping_barony_removed"
"e_yongliang","b_weiyuan_china","12891","","missing_mapping_barony_removed"
"e_yongliang","b_huairong_2","11764","12348","fallback_live_barony"
"e_yongliang","b_wulan","11890","12962","fallback_live_barony"
"e_yongliang","b_chengzhoushanglu_china","12733","","missing_mapping_barony_removed"
"e_yongliang","b_changdao_china","12787","","missing_mapping_barony_removed"
"e_yongliang","b_tonggu_china","12715","","missing_mapping_barony_removed"
"e_yongliang","b_wudu_china","12688","","missing_mapping_barony_removed"
"e_yongliang","b_panti_china","12653","","missing_mapping_barony_removed"
"e_yongliang","b_wenzhou_qushui_china","12631","","missing_mapping_barony_removed"
"e_yongliang","b_fuzhou_tongchang_china","12657","","missing_mapping_barony_removed"
"e_wendish_empire","b_sandomierz","531","531","rewritten"
"e_wendish_empire","b_opatow","4961","4961","rewritten"
"e_wendish_empire","b_kielce","4962","4962","rewritten"
"e_wendish_empire","b_olesnica_MPL","4963","4963","rewritten"
"e_wendish_empire","b_checiny","4964","4964","rewritten"
"e_wendish_empire","b_lublin","4957","4957","rewritten"
"e_wendish_empire","b_parczew","4958","4958","rewritten"
"e_wendish_empire","b_goraj","4959","4959","rewritten"
"e_wendish_empire","b_urzedow","4960","4960","rewritten"
"e_wendish_empire","b_tarnow","4965","4965","rewritten"
"e_wendish_empire","b_mielec","4966","4966","rewritten"
"e_wendish_empire","b_baranow","4967","4967","rewritten"
"e_wendish_empire","b_stezyca","4951","4951","rewritten"
"e_wendish_empire","b_lukow","4952","4952","rewritten"
"e_wendish_empire","b_radom","4953","4953","rewritten"
"e_wendish_empire","b_opoczno","4954","4954","rewritten"
"e_wendish_empire","b_ilza","4955","4955","rewritten"
"e_wendish_empire","b_szydlowiec","4956","4956","rewritten"
"e_wendish_empire","b_krakow","527","527","rewritten"
"e_wendish_empire","b_olsztyn","440","440","rewritten"
"e_wendish_empire","b_czestochowa","526","526","rewritten"
"e_wendish_empire","b_dabrowa_gorn","4972","4972","rewritten"
"e_wendish_empire","b_wislica","4973","4973","rewritten"
"e_wendish_empire","b_jedrzejow","4974","4974","rewritten"
"e_wendish_empire","b_sieradz","528","528","rewritten"
"e_wendish_empire","b_piotrkow","4927","4927","rewritten"
"e_wendish_empire","b_przedborz","4928","4928","rewritten"
"e_wendish_empire","b_radomsko","4929","4929","rewritten"
"e_wendish_empire","b_uniejow","4930","4930","rewritten"
"e_wendish_empire","b_sacz","532","532","rewritten"
"e_wendish_empire","b_pilzno","4968","4968","rewritten"
"e_wendish_empire","b_nowytarg","4969","4969","rewritten"
"e_wendish_empire","b_bochnia","4970","4970","rewritten"
"e_wendish_empire","b_wieliczka","4971","4971","rewritten"
"e_wendish_empire","b_poznan","4900","4900","rewritten"
"e_wendish_empire","b_miedzyrzecz","4901","4901","rewritten"
"e_wendish_empire","b_czarnkow","4902","4902","rewritten"
"e_wendish_empire","b_wronki","4903","4903","rewritten"
"e_wendish_empire","b_wolsztyn","4904","4904","rewritten"
"e_wendish_empire","b_wielun","4931","4931","rewritten"
"e_wendish_empire","b_grabow","4932","4932","rewritten"
"e_wendish_empire","b_gniezno","4905","4905","rewritten"
"e_wendish_empire","b_sroda","4906","4906","rewritten"
"e_wendish_empire","b_pyzdry","4907","4907","rewritten"
"e_wendish_empire","b_konin","4908","4908","rewritten"
"e_wendish_empire","b_kalisz","4909","4909","rewritten"
"e_wendish_empire","b_kozmin","4910","4910","rewritten"
"e_wendish_empire","b_turek","4911","4911","rewritten"
"e_wendish_empire","b_wschowa","4912","4912","rewritten"
"e_wendish_empire","b_koscian","4913","4913","rewritten"
"e_wendish_empire","b_srem","4914","4914","rewritten"
"e_wendish_empire","b_naklo","4915","4915","rewritten"
"e_wendish_empire","b_zlotow","4916","4916","rewritten"
"e_wendish_empire","b_znin","4917","4917","rewritten"
"e_wendish_empire","b_plock","529","529","rewritten"
"e_wendish_empire","b_wyszgorod","4933","4933","rewritten"
"e_wendish_empire","b_zawkrze","4934","4934","rewritten"
"e_wendish_empire","b_ciechanow","4935","4935","rewritten"
"e_wendish_empire","b_czersk","530","530","rewritten"
"e_wendish_empire","b_warszawa","4936","4936","rewritten"
"e_wendish_empire","b_liw","4937","4937","rewritten"
"e_wendish_empire","b_brodno","4938","4938","rewritten"
"e_wendish_empire","b_garwolin","4939","4939","rewritten"
"e_wendish_empire","b_gostynin","4940","4940","rewritten"
"e_wendish_empire","b_rawa","4941","4941","rewritten"
"e_wendish_empire","b_sochaczew","4942","4942","rewritten"
"e_wendish_empire","b_lowicz","4950","4950","rewritten"
"e_wendish_empire","b_lomza","4943","4943","rewritten"
"e_wendish_empire","b_wizna","4944","4944","rewritten"
"e_wendish_empire","b_kolno","4945","4945","rewritten"
"e_wendish_empire","b_zakroczym","4946","4946","rewritten"
"e_wendish_empire","b_nur","4947","4947","rewritten"
"e_wendish_empire","b_wyszkow","4948","4948","rewritten"
"e_wendish_empire","b_rozan","4949","4949","rewritten"
"e_wendish_empire","b_opole","3052","3052","rewritten"
"e_wendish_empire","b_kreuzburg","3053","3053","rewritten"
"e_wendish_empire","b_strehlitz","3051","3051","rewritten"
"e_wendish_empire","b_brzeg","3049","3049","rewritten"
"e_wendish_empire","b_olawa","3055","3055","rewritten"
"e_wendish_empire","b_otmunchow","3056","3056","rewritten"
"e_wendish_empire","b_nysa","3048","3048","rewritten"
"e_wendish_empire","b_glogowek","3050","3050","rewritten"
"e_wendish_empire","b_frankenstein","3046","3046","rewritten"
"e_wendish_empire","b_cieszyn","3040","3040","rewritten"
"e_wendish_empire","b_bielsko","3041","3041","rewritten"
"e_wendish_empire","b_ratibor","3042","3042","rewritten"
"e_wendish_empire","b_rybnik","3043","3043","rewritten"
"e_wendish_empire","b_bethen","3044","3044","rewritten"
"e_wendish_empire","b_lubliniec","3054","3054","rewritten"
"e_wendish_empire","b_breslau","3045","3045","rewritten"
"e_wendish_empire","b_bardo","3057","3057","rewritten"
"e_wendish_empire","b_miliez","3061","3061","rewritten"
"e_wendish_empire","b_olesnica","3062","3062","rewritten"
"e_wendish_empire","b_schweibus","3145","3145","rewritten"
"e_wendish_empire","b_siedlischo","3146","3146","rewritten"
"e_wendish_empire","b_bytom","3065","3065","rewritten"
"e_wendish_empire","b_grunberg","3064","3064","rewritten"
"e_wendish_empire","b_gubin","3139","3139","rewritten"
"e_wendish_empire","b_crossen","3144","3144","rewritten"
"e_wendish_empire","b_sprottau","3067","3067","rewritten"
"e_wendish_empire","b_zagan","3066","3066","rewritten"
"e_wendish_empire","b_nowogrodziec","3070","3070","rewritten"
"e_wendish_empire","b_przemkow","3068","3068","rewritten"
"e_wendish_empire","b_wlen","3069","3069","rewritten"
"e_wendish_empire","b_swiny","3059","3059","rewritten"
"e_wendish_empire","b_legnica","3058","3058","rewritten"
"e_wendish_empire","b_glogow","3063","3063","rewritten"
"e_wendish_empire","b_sadowel","3060","3060","rewritten"
"e_wendish_empire","b_kruszwica","4918","4918","rewritten"
"e_wendish_empire","b_wloclawek","4919","4919","rewritten"
"e_wendish_empire","b_inowroclaw","4920","4920","rewritten"
"e_wendish_empire","b_bydgoszcz","4921","4921","rewritten"
"e_wendish_empire","b_dobrzyn","4922","4922","rewritten"
"e_wendish_empire","b_michalowo","4923","4923","rewritten"
"e_wendish_empire","b_leczyca","4924","4924","rewritten"
"e_wendish_empire","b_lodz","4925","4925","rewritten"
"e_wendish_empire","b_klodawa","4926","4926","rewritten"
"e_wendish_empire","b_lebus","3149","3149","rewritten"
"e_wendish_empire","b_oderfrankfurt","3142","3142","rewritten"
"e_wendish_empire","b_sulecin","3148","3148","rewritten"
"e_wendish_empire","b_rzepin","3147","3147","rewritten"
"e_wendish_empire","b_landsberg","3152","3152","rewritten"
"e_wendish_empire","b_driesen","3151","3151","rewritten"
"e_wendish_empire","b_arnswalde","3156","3156","rewritten"
"e_wendish_empire","b_kreuz","3183","3183","rewritten"
"e_wendish_empire","b_soldin","3154","3154","rewritten"
"e_wendish_empire","b_kostschin","3153","3153","rewritten"
"e_wendish_empire","b_lubeck","2804","2804","rewritten"
"e_wendish_empire","b_eutin","9666","9666","rewritten"
"e_wendish_empire","b_kiel","2801","2801","rewritten"
"e_wendish_empire","b_femera","2800","2800","rewritten"
"e_wendish_empire","b_szczecin","2823","2823","rewritten"
"e_wendish_empire","b_ucramund","2822","2822","rewritten"
"e_wendish_empire","b_gryfino","3155","3155","rewritten"
"e_wendish_empire","b_swinoujscie","2818","2818","rewritten"
"e_wendish_empire","b_kolobrzeg","2824","2824","rewritten"
"e_wendish_empire","b_stargad","2825","2825","rewritten"
"e_wendish_empire","b_lobez","2836","2836","rewritten"
"e_wendish_empire","b_cammin","2826","2826","rewritten"
"e_wendish_empire","b_dramberg","3184","3184","rewritten"
"e_wendish_empire","b_belgard","3185","3185","rewritten"
"e_wendish_empire","b_walcz","3187","3187","rewritten"
"e_wendish_empire","b_pila","3186","3186","rewritten"
"e_wendish_empire","b_szczecinek","3188","3188","rewritten"
"e_wendish_empire","b_crivitz","2807","2807","rewritten"
"e_wendish_empire","b_parchim","2813","2813","rewritten"
"e_wendish_empire","b_sternberg","9669","9669","rewritten"
"e_wendish_empire","b_wolgast","2817","2817","rewritten"
"e_wendish_empire","b_griefswald","2816","2816","rewritten"
"e_wendish_empire","b_rugen","2811","2811","rewritten"
"e_wendish_empire","b_stralsund","2810","2810","rewritten"
"e_wendish_empire","b_rostock","2809","2809","rewritten"
"e_wendish_empire","b_gustrow","2819","2819","rewritten"
"e_wendish_empire","b_werle","2812","2812","rewritten"
"e_wendish_empire","b_neubrandenburg","2820","2820","rewritten"
"e_wendish_empire","b_neustrelitz","2821","2821","rewritten"
"e_wendish_empire","b_gdansk","2830","2830","rewritten"
"e_wendish_empire","b_sopot","2833","2833","rewritten"
"e_wendish_empire","b_wladyslawowo","2832","2832","rewritten"
"e_wendish_empire","b_trsow","3194","3194","rewritten"
"e_wendish_empire","b_slupsk","2827","2827","rewritten"
"e_wendish_empire","b_koszalin","2828","2828","rewritten"
"e_wendish_empire","b_lebno","2829","2829","rewritten"
"e_wendish_empire","b_bytow","3191","3191","rewritten"
"e_wendish_empire","b_hammerstein","3190","3190","rewritten"
"e_wendish_empire","b_miastko","3189","3189","rewritten"
"e_wendish_empire","b_schwetz","3196","3196","rewritten"
"e_wendish_empire","b_berent","3195","3195","rewritten"
"e_wendish_empire","b_tuchowna","3193","3193","rewritten"
"e_wendish_empire","b_konitz","3192","3192","rewritten"
"e_wendish_empire","b_brandenburg","3166","3166","rewritten"
"e_wendish_empire","b_potsdam","3157","3157","rewritten"
"e_wendish_empire","b_lehnin","3177","3177","rewritten"
"e_wendish_empire","b_tangermunde","3170","3170","rewritten"
"e_wendish_empire","b_stendal","2900","2900","rewritten"
"e_wendish_empire","b_gardelegen","2907","2907","rewritten"
"e_wendish_empire","b_werben","2899","2899","rewritten"
"e_wendish_empire","b_magdeburg","2906","2906","rewritten"
"e_wendish_empire","b_mockern","3171","3171","rewritten"
"e_wendish_empire","b_gommern","3176","3176","rewritten"
"e_wendish_empire","b_ruppin","3168","3168","rewritten"
"e_wendish_empire","b_lindow","3167","3167","rewritten"
"e_wendish_empire","b_nowen","3169","3169","rewritten"
"e_wendish_empire","b_berlin","3158","3158","rewritten"
"e_wendish_empire","b_botzow","3164","3164","rewritten"
"e_wendish_empire","b_rosenfelde","3165","3165","rewritten"
"e_wendish_empire","b_havelberg","2814","2814","rewritten"
"e_wendish_empire","b_klenow","2815","2815","rewritten"
"e_wendish_empire","b_prenzlau","3160","3160","rewritten"
"e_wendish_empire","b_templin","3163","3163","rewritten"
"e_wendish_empire","b_schwedt","3162","3162","rewritten"
"e_wendish_empire","b_eberswalde","3161","3161","rewritten"
